Course Code,Division,AA,AB,AP,AU,BB,BC,CC,CD,DD,DX,FF,FR,II,NP,PP,Total
AE 103,Main,8.0,16.0,,,44.0,12.0,,,,,,,,,,80
AE 152,Main,,2.0,,,5.0,2.0,2.0,2.0,,,,2.0,,,,15
AE 153,M,,3.0,,,2.0,3.0,2.0,,,,,,,,,10
AE 219,Main,8.0,1.0,,,,,,,1.0,,,,3.0,,,13
AE 223,Main,5.0,23.0,,,19.0,22.0,12.0,7.0,4.0,,5.0,2.0,,,,99
AE 223,M,,,,,2.0,1.0,,,1.0,,,,,,,4
AE 227,Main,6.0,16.0,1.0,,17.0,10.0,16.0,12.0,14.0,,,8.0,,,,100
AE 229,Main,13.0,28.0,,,34.0,6.0,2.0,,,,,,,,,83
AE 231,Main,8.0,14.0,,,19.0,16.0,15.0,7.0,2.0,,,,,,,81
AE 234,Main,,,,,,,,1.0,2.0,,,2.0,,,,5
AE 236,Main,,,,,,1.0,,,,,,,,,,1
AE 308,Main,18.0,20.0,1.0,,17.0,9.0,10.0,4.0,7.0,,,5.0,,,,91
AE 308,M,,1.0,,,,,1.0,,,,,1.0,,,,3
AE 312,Main,,1.0,,,1.0,1.0,,,,,,1.0,,,,4
AE 316,Main,,1.0,,,1.0,,,,,,,1.0,,,,3
AE 326,Main,,,,,,,,1.0,,,,2.0,,,,3
AE 339,Main,6.0,12.0,,,14.0,10.0,13.0,16.0,4.0,,,,,,,75
AE 339,M,2.0,1.0,,,,,,,,,,,,,,3
AE 341,Main,8.0,9.0,,,16.0,11.0,13.0,8.0,7.0,,,2.0,,,,74
AE 341,M,1.0,2.0,,,,,1.0,1.0,,,,,,,,5
AE 343,Main,29.0,27.0,,,10.0,5.0,1.0,,,,,,,,,72
AE 344,Main,9.0,12.0,,,10.0,12.0,12.0,11.0,6.0,,3.0,,,,,75
AE 344,M,,,,,,,1.0,,,,,,,,,1
AE 345,Main,18.0,30.0,,,17.0,4.0,3.0,,,,,,,,,72
AE 407,Main,4.0,5.0,,,5.0,19.0,13.0,11.0,16.0,,,6.0,,,,79
AE 407,M,,,,,,,,1.0,,,,,,,,1
AE 410,Main,11.0,27.0,,,22.0,13.0,7.0,1.0,1.0,,,2.0,,,,84
AE 410,M,1.0,,,,,2.0,1.0,,,,,,,,,4
AE 419,Main,5.0,1.0,,,,,,,,,,,2.0,,,8
AE 429,Main,4.0,8.0,,,11.0,3.0,,,,,,,,,,26
AE 493,Main,9.0,3.0,,,2.0,1.0,,,,,,,3.0,,,18
AE 494,Main,3.0,1.0,,,,,,,,,,,,,,4
AE 616,Main,7.0,8.0,,,16.0,5.0,2.0,4.0,1.0,,,1.0,,,,44
AE 641,Main,2.0,2.0,,,5.0,2.0,1.0,,,,,,,,,12
AE 647,Main,2.0,5.0,,,9.0,7.0,9.0,7.0,12.0,,,9.0,,,,60
AE 649,Main,7.0,1.0,,,5.0,4.0,3.0,1.0,,,,,,,,21
AE 650,Main,4.0,3.0,,,1.0,,,,,,,,1.0,,,9
AE 667,Main,5.0,13.0,,,16.0,10.0,4.0,,,,,2.0,,,,50
AE 681,Main,7.0,4.0,,,3.0,4.0,6.0,1.0,,,,,,,,25
AE 683,Main,8.0,6.0,,1.0,8.0,8.0,4.0,,2.0,,,2.0,,,,39
AE 694,Main,,,,,,,,,,,,,1.0,,,1
AE 695,Main,1.0,1.0,,,5.0,3.0,3.0,1.0,1.0,,,1.0,,,,16
AE 705,Main,28.0,48.0,,,16.0,9.0,8.0,3.0,4.0,,,11.0,,,,127
AE 707,Main,,1.0,,,4.0,13.0,5.0,2.0,3.0,,,2.0,,,,30
AE 709,Main,2.0,6.0,,,4.0,2.0,,2.0,,,,,,,,16
AE 711,Main,3.0,8.0,,,12.0,4.0,2.0,3.0,2.0,,,,,,,34
AE 715,Main,2.0,2.0,,,2.0,6.0,3.0,,,,,1.0,,,,16
AE 720,Main,1.0,,,1.0,,,,,1.0,,,1.0,,,,4
AE 726,Main,4.0,5.0,,,7.0,4.0,,,1.0,,,,1.0,,,22
AE 727,Main,9.0,5.0,,,,,,,,,,,,,,14
AE 775,Main,,6.0,,,6.0,4.0,,,1.0,,,2.0,,,,19
AE 899,Main,,,,,,,,,,,,,,2.0,10.0,13
AES801,Main,4.0,1.0,,,,,,,,,,,1.0,,,6
AES802,Main,,,,,1.0,,,,,,,,2.0,,,3
BB 101,D1,67.0,68.0,4.0,,35.0,27.0,20.0,7.0,4.0,,3.0,,1.0,,,236
BB 101,D2,55.0,51.0,4.0,,32.0,23.0,7.0,2.0,,,2.0,,,,,176
BB 101,S1,86.0,86.0,6.0,,71.0,38.0,19.0,6.0,3.0,,4.0,,1.0,,,320
BB 402,Main,5.0,8.0,,,9.0,11.0,2.0,,,,,,,,,35
BB 405,Main,6.0,4.0,,,6.0,10.0,6.0,4.0,3.0,,,2.0,,,,41
BB 405,M,1.0,1.0,,,,,,1.0,3.0,,,,,,,6
BB 421,Main,13.0,24.0,,1.0,7.0,2.0,,,1.0,,,,,,,48
BB 505,Main,15.0,26.0,2.0,1.0,19.0,19.0,25.0,8.0,1.0,,,7.0,,,,124
BB 519,Main,13.0,14.0,,,3.0,,1.0,,,,,,2.0,,,33
BB 521,Main,3.0,16.0,,,11.0,17.0,2.0,,1.0,,,1.0,,,,51
BB 523,Main,8.0,11.0,,,7.0,6.0,2.0,1.0,,,,,,,,35
BB 525,Main,6.0,16.0,,,9.0,5.0,,1.0,,,,1.0,1.0,,,39
BB 527,Main,3.0,10.0,,,12.0,10.0,1.0,,,,,,1.0,,,37
BB 529,Main,15.0,13.0,,,4.0,3.0,1.0,,,,,,,,,36
BB 531,Main,2.0,3.0,,,1.0,,,,,,,,,,,6
BB 535,Main,3.0,3.0,,,1.0,2.0,,,,,,1.0,,,,10
BB 553,Main,22.0,14.0,,,7.0,4.0,,,1.0,,,1.0,,,,49
BB 600,Main,4.0,17.0,,,13.0,9.0,1.0,,,,,1.0,,,,45
BB 601,Main,31.0,27.0,,,11.0,2.0,1.0,,,,,2.0,,,,74
BB 603,Main,24.0,31.0,2.0,,26.0,18.0,5.0,5.0,2.0,,,,,,,113
BB 603,M,,2.0,,,,,,,,,,,,,,2
BB 607,Main,9.0,13.0,,1.0,8.0,1.0,,,,,,,,,,33
BB 617,Main,9.0,2.0,,,5.0,1.0,1.0,,,,,,,,,18
BB 619,Main,9.0,10.0,,2.0,8.0,4.0,3.0,,,,,1.0,,,,38
BB 633,Main,5.0,5.0,,,11.0,5.0,5.0,2.0,5.0,,,,1.0,,,39
BB 638,Main,3.0,1.0,,1.0,5.0,1.0,3.0,2.0,,,,,,,,16
BB 638,M,,2.0,,,1.0,1.0,1.0,,,,,,,,,5
BB 647,Main,1.0,2.0,,,5.0,3.0,2.0,2.0,,,,,,,,15
BB 653,Main,5.0,16.0,,,8.0,4.0,1.0,,,,,,,,,34
BB 659,Main,2.0,3.0,,,1.0,,,,,,,1.0,,,,7
BB 661,Main,12.0,8.0,,,10.0,7.0,,1.0,,,,2.0,1.0,,,41
BB 663,Main,3.0,15.0,,,12.0,5.0,4.0,1.0,1.0,,,,1.0,,,42
BB 669,Main,6.0,4.0,,,9.0,7.0,5.0,2.0,,,,2.0,,,,35
BB 677,Main,1.0,10.0,,,12.0,5.0,3.0,,,,,1.0,,,,32
BB 681,Main,4.0,1.0,,1.0,2.0,1.0,1.0,,1.0,,,1.0,,,,12
BB 681,M,,1.0,,,,,,,,,,,,,,1
BB 701,Main,4.0,4.0,,,1.0,1.0,,,,,,,,,,10
BB 705,Main,2.0,,,,,,,,,,,,1.0,,,3
BB 706,Main,9.0,10.0,,3.0,5.0,2.0,,,,,,,,,,30
BB 899,Main,,,,,,,,,,,,,,3.0,72.0,76
BBS801,Main,10.0,12.0,,,2.0,,,,,,,,1.0,,,26
BM 659,Main,1.0,,,,2.0,,,,,,,1.0,,,,4
CE 103,Main,22.0,30.0,,,39.0,26.0,16.0,9.0,7.0,,,,,,,149
CE 203,Main,,,,,,,,,1.0,,,,,,,1
CE 203,S1,8.0,10.0,1.0,,14.0,8.0,7.0,8.0,3.0,,,1.0,,,,60
CE 203,S2,8.0,13.0,,,4.0,13.0,8.0,7.0,9.0,,,4.0,2.0,,,68
CE 203,S3,6.0,16.0,1.0,,11.0,5.0,5.0,2.0,4.0,,,4.0,1.0,,,55
CE 207,S1,17.0,21.0,,,24.0,10.0,7.0,9.0,2.0,,,,,,,90
CE 207,S2,12.0,17.0,,,25.0,17.0,6.0,3.0,2.0,,,,,,,82
CE 209,S1,9.0,21.0,1.0,,10.0,8.0,4.0,3.0,3.0,,,2.0,,,,61
CE 209,S2,6.0,13.0,,,11.0,17.0,3.0,4.0,3.0,,,4.0,2.0,,,63
CE 209,S3,6.0,13.0,,,11.0,14.0,9.0,1.0,4.0,,,,,,,58
CE 236,Main,4.0,2.0,,,2.0,8.0,4.0,4.0,7.0,,,,1.0,,,32
CE 310,Main,,1.0,,,,,,,,,,,,,,1
CE 324,Main,14.0,6.0,,,4.0,8.0,4.0,5.0,1.0,1.0,,3.0,,,,46
CE 333,S1,3.0,4.0,,,7.0,10.0,7.0,3.0,2.0,,,,,,,36
CE 333,S2,7.0,1.0,,,1.0,3.0,8.0,4.0,4.0,,,13.0,1.0,,,42
CE 333,S3,5.0,8.0,,,8.0,10.0,6.0,4.0,,,,2.0,,,,43
CE 337,S1,7.0,7.0,1.0,,10.0,6.0,5.0,5.0,10.0,,,7.0,,,,58
CE 337,S2,10.0,7.0,,,4.0,7.0,4.0,5.0,15.0,,,13.0,,,,65
CE 337,S3,5.0,6.0,1.0,,8.0,7.0,9.0,6.0,3.0,,,4.0,,,,49
CE 339,Main,,2.0,,,,,,1.0,5.0,,,,,,,8
CE 341,S1,20.0,36.0,,,14.0,2.0,,,,,,,,,,72
CE 341,S2,24.0,35.0,,,14.0,1.0,,,,,,1.0,,,,75
CE 401,S1,12.0,18.0,,,25.0,7.0,5.0,3.0,10.0,,,2.0,1.0,,,83
CE 401,S2,12.0,15.0,,,18.0,15.0,7.0,4.0,5.0,,,,2.0,,,78
CE 403,Main,6.0,5.0,,,7.0,3.0,4.0,,,,,1.0,,,,26
CE 407,S1,2.0,7.0,,,9.0,16.0,11.0,10.0,16.0,,,2.0,,,,73
CE 407,S2,4.0,9.0,1.0,,12.0,8.0,11.0,11.0,19.0,,,4.0,,,,79
CE 444,Main,,3.0,,,,,,,,,,,,,,3
CE 463,S1,16.0,29.0,1.0,,35.0,37.0,20.0,13.0,10.0,,,6.0,5.0,,,172
CE 463,S2,8.0,20.0,,,23.0,29.0,30.0,18.0,17.0,,,6.0,,,,151
CE 465,S1,11.0,16.0,1.0,,24.0,14.0,9.0,4.0,5.0,,,,,,,84
CE 465,S2,16.0,22.0,,,14.0,16.0,4.0,2.0,2.0,,,2.0,1.0,,,79
CE 482,Main,2.0,10.0,,,14.0,20.0,15.0,12.0,10.0,,,13.0,1.0,,,97
CE 494,Main,11.0,6.0,,,2.0,,,,1.0,,,,4.0,,,24
CE6001,Main,10.0,12.0,,,7.0,2.0,5.0,,,,,1.0,1.0,,,38
CE 603,Main,5.0,5.0,,,8.0,9.0,4.0,5.0,1.0,,,1.0,,,,38
CE 605,Main,15.0,19.0,,2.0,19.0,10.0,8.0,1.0,,,,2.0,1.0,,,77
CE6101,Main,5.0,8.0,,2.0,9.0,13.0,4.0,1.0,,,,,1.0,,,43
CE 616,Main,6.0,1.0,,1.0,7.0,5.0,1.0,2.0,1.0,,,2.0,,,,26
CE 623,Main,6.0,8.0,,,6.0,2.0,,,,,,6.0,,,,28
CE 626,Main,2.0,9.0,,,5.0,3.0,,,,,,1.0,,,,20
CE 627,Main,10.0,4.0,,,3.0,1.0,,,,,,,3.0,,,21
CE 630,Main,6.0,4.0,,1.0,3.0,7.0,3.0,5.0,4.0,,,4.0,,,,37
CE 641,Main,5.0,4.0,,,2.0,2.0,2.0,1.0,,,,1.0,,,,17
CE 643,Main,2.0,5.0,,,1.0,,1.0,,1.0,,,,,,,10
CE 647,Main,1.0,4.0,,,5.0,2.0,,,,,,1.0,1.0,,,14
CE 653,Main,3.0,,,1.0,1.0,,,,1.0,,,1.0,,,,7
CE 675,Main,4.0,4.0,,,3.0,2.0,,,,,,,,,,13
CE 680,Main,2.0,3.0,,,8.0,10.0,3.0,3.0,,,,,,,,29
CE 681,Main,13.0,,,,,,,,,,,,,,,13
CE 694,Main,1.0,1.0,,,1.0,,,,,,,,,,,3
CE 695,Main,3.0,1.0,,,1.0,,,,,,,,3.0,,,8
CE 701,Main,2.0,1.0,,,2.0,5.0,2.0,,,,,,,,,12
CE 702,Main,2.0,3.0,,,5.0,1.0,1.0,,,,,1.0,,,,13
CE 703,Main,4.0,2.0,,2.0,,1.0,,,,,,,,,,9
CE 706,Main,2.0,3.0,,,2.0,,,,,,,,,,,7
CE 712,Main,11.0,22.0,,,17.0,8.0,7.0,3.0,1.0,,,2.0,1.0,,,72
CE 713,Main,3.0,14.0,,,7.0,7.0,6.0,6.0,2.0,,,3.0,,,,48
CE 717,Main,7.0,3.0,,3.0,6.0,4.0,5.0,3.0,,,,,,,,31
CE 718,Main,7.0,11.0,,,8.0,4.0,,,,,,,,,,30
CE 725,Main,12.0,14.0,,1.0,18.0,25.0,16.0,16.0,2.0,,,13.0,,,,117
CE 727,Main,3.0,3.0,,,7.0,4.0,3.0,2.0,3.0,,,4.0,1.0,,,30
CE 731,Main,2.0,3.0,,,4.0,4.0,,,,,,1.0,,,,14
CE 740,Main,7.0,12.0,,,6.0,2.0,3.0,5.0,2.0,,,2.0,,,,39
CE 742,Main,9.0,9.0,,,3.0,1.0,,,,,,,1.0,,,23
CE 751,Main,14.0,39.0,1.0,,35.0,13.0,9.0,2.0,,,,,3.0,,,116
CE 766,Main,6.0,20.0,,,20.0,25.0,7.0,6.0,7.0,,,2.0,,,,93
CE 769,Main,3.0,,,,7.0,2.0,7.0,5.0,,,,1.0,,,,25
CE 771,Main,11.0,8.0,,,6.0,2.0,,,1.0,,,,,,,28
CE 782,Main,2.0,2.0,,,5.0,3.0,2.0,2.0,2.0,,,1.0,,,,19
CE 899,Main,,,,,,,,,,,,,,,99.0,99
CES801,Main,21.0,8.0,,,6.0,,,,,,,,4.0,,,39
CH 105,D1,,,,,,,,,1.0,,,4.0,,,,5
CH 105,D2,,,,,,,,,,,,2.0,,,,2
CH 107,D1,,,,,,,,2.0,1.0,,2.0,2.0,,,,7
CH 107,D2,,,,,,1.0,,,1.0,,1.0,,,,,3
CH 107,D3,,,,,,,,,,,,1.0,,,,1
CH 111,D1,11.0,17.0,,,35.0,22.0,16.0,8.0,6.0,,14.0,,,,,129
CH 111,D2,8.0,21.0,,,34.0,31.0,19.0,18.0,11.0,,7.0,,,,,149
CH 111,D3,13.0,20.0,1.0,,40.0,27.0,19.0,15.0,8.0,,12.0,,,,,155
CH 111,D4,12.0,17.0,1.0,,44.0,27.0,9.0,5.0,8.0,,11.0,,1.0,,,135
CH 117,P1,55.0,17.0,,,7.0,1.0,,,,,,,1.0,,,81
CH 117,P10,50.0,25.0,,,6.0,1.0,,,,,,,,,,82
CH 117,P2,56.0,24.0,1.0,,6.0,1.0,,,,,,,,,,88
CH 117,P3,58.0,26.0,,,3.0,,,,,,,,,,,87
CH 117,P4,54.0,28.0,,,4.0,,,,,,,,1.0,,,87
CH 117,P7,56.0,21.0,,,2.0,,,,,,,,,,,79
CH 117,P8,47.0,30.0,,,1.0,3.0,,,,,,,1.0,,,82
CH 117,P9,50.0,29.0,,,2.0,,,,,,,,,,,81
CH 209,Main,3.0,5.0,,,7.0,4.0,5.0,1.0,2.0,,,4.0,,,,31
CH 219,Main,22.0,5.0,,,1.0,,,,,,,,,,,28
CH 225,Main,3.0,6.0,,,9.0,2.0,1.0,1.0,5.0,,,4.0,1.0,,,32
CH 231,Main,14.0,11.0,,,3.0,1.0,,,,,,,,,,29
CH 301,Main,4.0,4.0,,,1.0,1.0,1.0,5.0,9.0,,,4.0,1.0,,,30
CH 305,Main,1.0,6.0,,,2.0,5.0,8.0,5.0,3.0,,,5.0,,,,35
CH 309,Main,3.0,3.0,,,10.0,6.0,5.0,2.0,2.0,,,1.0,,,,32
CH 311,Main,4.0,4.0,,,2.0,4.0,3.0,7.0,4.0,,,3.0,,,,31
CH 313,Main,12.0,15.0,,,,,,1.0,,,,1.0,,,,29
CH 315,Main,11.0,13.0,,,2.0,1.0,,1.0,,,,1.0,,,,29
CH 397,Main,2.0,,,,,,,,,,,,,,,2
CH 401,Main,9.0,10.0,,,10.0,12.0,6.0,5.0,8.0,,,,,,,60
CH 403,Main,22.0,24.0,,,16.0,5.0,5.0,2.0,3.0,,,4.0,,,,81
CH 405,Main,9.0,16.0,1.0,,10.0,11.0,5.0,6.0,5.0,,,,1.0,,,64
CH 415,Main,40.0,14.0,,,3.0,,,,,,,,,,,57
CH 417,Main,26.0,32.0,,,,,,,,,,,,,,58
CH 425,Main,17.0,11.0,1.0,,12.0,13.0,3.0,1.0,3.0,,,1.0,,,,62
CH 433,Main,30.0,24.0,,,2.0,,,1.0,,,,,,,,57
CH 481,Main,4.0,5.0,,,36.0,12.0,1.0,1.0,,,,,,,,59
CH 507,Main,3.0,14.0,,,16.0,11.0,8.0,5.0,2.0,,,,,,,59
CH 514,Main,9.0,17.0,,,23.0,13.0,9.0,7.0,1.0,,,,,,,79
CH 521,Main,21.0,32.0,,,25.0,11.0,5.0,8.0,6.0,,,1.0,,,,109
CH 546,Main,4.0,12.0,,1.0,14.0,16.0,10.0,8.0,9.0,,,1.0,1.0,,,76
CH 547,Main,20.0,35.0,,1.0,29.0,17.0,8.0,2.0,2.0,,,,1.0,,,115
CH 584,Main,7.0,4.0,,1.0,6.0,5.0,1.0,1.0,2.0,,,,1.0,,,28
CH 593,Main,20.0,25.0,,,4.0,3.0,1.0,,,,1.0,,,,,54
CH 595,Main,4.0,1.0,,,2.0,,,,,,,,,,,7
CH 812,Main,3.0,4.0,,1.0,3.0,,1.0,,,,,,,,,12
CH 817,Main,,2.0,,,4.0,3.0,2.0,,,,,,,,,11
CH 827,Main,3.0,3.0,,,1.0,,,,,,,,,,,7
CH 831,Main,24.0,10.0,,,6.0,1.0,,,,,,,1.0,,,42
CH 839,Main,4.0,8.0,,,3.0,1.0,,,,,,,,,,16
CH 845,Main,6.0,13.0,,,7.0,,2.0,,,,,,,,,28
CH 899,Main,,,,,,,,,,,,,,5.0,34.0,39
CHS801,Main,11.0,2.0,,,1.0,,,,,,,1.0,,,,15
CL 202,S1,,,,,,,2.0,2.0,1.0,,,,3.0,,,8
CL 202,S2,,,,,,1.0,1.0,,,,,1.0,,,,3
CL 205,S1,6.0,22.0,1.0,,28.0,16.0,15.0,7.0,7.0,,,6.0,3.0,,,111
CL 205,S2,5.0,14.0,2.0,,14.0,13.0,4.0,8.0,7.0,,4.0,3.0,1.0,,,75
CL 207,S1,11.0,14.0,2.0,,18.0,12.0,8.0,4.0,3.0,,,1.0,,,,73
CL 207,S2,11.0,8.0,,,17.0,13.0,7.0,7.0,6.0,,,4.0,,,,73
CL 249,Main,48.0,50.0,,,35.0,4.0,1.0,3.0,,,,,,,,141
CL 254,S1,7.0,24.0,,,22.0,12.0,4.0,1.0,2.0,,,5.0,,,,77
CL 254,S2,10.0,15.0,2.0,,23.0,12.0,6.0,5.0,2.0,,,,7.0,,,82
CL 302,Main,,,,,,,1.0,4.0,2.0,,,1.0,,,,8
CL 306,Main,4.0,17.0,,,16.0,38.0,28.0,14.0,23.0,,,1.0,1.0,,,142
CL 327,Main,12.0,19.0,2.0,,21.0,30.0,17.0,18.0,13.0,,7.0,2.0,1.0,,,142
CL 329,S1,10.0,6.0,,,30.0,4.0,8.0,5.0,2.0,,1.0,,,,,66
CL 329,S2,7.0,11.0,,,14.0,15.0,8.0,11.0,7.0,,,,,,,73
CL 333,Main,21.0,53.0,,,42.0,16.0,5.0,5.0,1.0,,,,2.0,,,145
CL 336,Main,1.0,1.0,,,1.0,5.0,4.0,3.0,,,,,,,,15
CL 405,Main,7.0,10.0,1.0,,24.0,37.0,26.0,19.0,5.0,,,10.0,,,,139
CL 409,S1,3.0,10.0,,,18.0,15.0,6.0,6.0,5.0,,,1.0,3.0,,,67
CL 409,S2,,6.0,,,13.0,18.0,21.0,8.0,3.0,,,1.0,1.0,,,71
CL 419,Main,13.0,20.0,,,31.0,22.0,37.0,5.0,7.0,,,1.0,,,,136
CL 420,Main,,,,,,,,,,,,1.0,,,,1
CL 433,Main,1.0,36.0,,,62.0,23.0,10.0,3.0,,,,1.0,,,,136
CL 443,Main,21.0,10.0,,,5.0,2.0,1.0,,1.0,,,1.0,1.0,,,42
CL 455,Main,18.0,34.0,,,51.0,15.0,10.0,6.0,1.0,,,1.0,,,,136
CL 464,Main,5.0,7.0,1.0,,4.0,17.0,8.0,8.0,2.0,,,6.0,2.0,,,60
CL 491,Main,4.0,2.0,,,1.0,,,,,,,,1.0,,,8
CL6001,Main,2.0,15.0,,,8.0,5.0,1.0,,,,,,,,,31
CL 601,Main,4.0,2.0,1.0,,4.0,13.0,7.0,7.0,1.0,,,6.0,11.0,,,56
CL 602,Main,6.0,12.0,,,16.0,7.0,3.0,2.0,,,,2.0,11.0,,,59
CL 603,Main,4.0,7.0,,,9.0,6.0,9.0,3.0,2.0,,,1.0,,,,41
CL 605,Main,4.0,6.0,,,8.0,4.0,8.0,6.0,2.0,,,2.0,11.0,,,51
CL 607,Main,2.0,2.0,,,1.0,7.0,12.0,11.0,5.0,,,9.0,,,,49
CL 618,Main,6.0,2.0,,,2.0,1.0,,,,,,,,,,11
CL 662,Main,5.0,2.0,,,2.0,,,1.0,,,,,,,,10
CL 663,Main,8.0,2.0,,5.0,,,,,,,,,,,,15
CL 664,Main,,1.0,,,2.0,1.0,,,,,,,,,,4
CL 665,Main,5.0,5.0,,1.0,8.0,10.0,6.0,1.0,,,,3.0,7.0,,,46
CL 673,Main,10.0,5.0,,2.0,12.0,4.0,5.0,,,,,,1.0,,,39
CL 688,Main,4.0,7.0,,,7.0,3.0,9.0,5.0,3.0,,,1.0,,,,39
CL 701,Main,1.0,6.0,,,11.0,20.0,6.0,6.0,1.0,,,5.0,,,,56
CL 702,Main,,,,,,,,,,,,,,10.0,62.0,72
CL 708,Main,3.0,4.0,,1.0,6.0,2.0,1.0,7.0,3.0,,,4.0,,,,31
CL 718,Main,12.0,6.0,,1.0,3.0,3.0,,,,,,2.0,,,,27
CL 722,Main,2.0,2.0,,,1.0,,,,,,,,1.0,,,6
CL 899,Main,,,,,,,,,,,,,,,12.0,12
CLS801,Main,6.0,,,,1.0,,,,,,,,1.0,,,8
CM 503,Main,,,,,2.0,,,,,,,,,,,2
CM 507,Main,2.0,,,,2.0,,,,,,,1.0,,,,5
CM 509,Main,1.0,3.0,,6.0,1.0,2.0,,,,,,1.0,,,,14
CM 612,Main,,3.0,,1.0,2.0,,,,,,,,1.0,,,7
CM 617,Main,4.0,3.0,,,11.0,10.0,11.0,12.0,4.0,,,5.0,2.0,,,62
CM 618,Main,1.0,10.0,,1.0,8.0,4.0,4.0,2.0,13.0,,2.0,4.0,,,,49
CM 899,Main,,,,,,,,,,,,,,,17.0,17
CMS801,Main,2.0,7.0,,,1.0,,,,,,,,,,,10
CS 101,D3,67.0,81.0,10.0,,65.0,51.0,42.0,28.0,7.0,,3.0,2.0,,,,356
CS 101,D4,46.0,62.0,2.0,,66.0,60.0,50.0,24.0,23.0,,1.0,1.0,1.0,,,336
CS 105,Main,20.0,31.0,4.0,,43.0,47.0,30.0,21.0,6.0,,3.0,,,,,205
CS 213,Main,24.0,34.0,2.0,,37.0,31.0,27.0,18.0,8.0,,,13.0,,,,194
CS 215,Main,47.0,31.0,4.0,,48.0,33.0,22.0,10.0,1.0,,,3.0,,,,199
CS 218,M,,1.0,,,2.0,9.0,2.0,8.0,,,,,,,,22
CS 228,Main,24.0,32.0,3.0,,43.0,34.0,27.0,18.0,3.0,,,4.0,,,,188
CS 230,Main,13.0,28.0,,,29.0,32.0,38.0,27.0,15.0,,,8.0,,,,190
CS 231,Main,33.0,36.0,,,39.0,22.0,24.0,10.0,14.0,,,14.0,,,,192
CS 293,Main,37.0,33.0,4.0,,39.0,25.0,33.0,6.0,2.0,,,12.0,,,,191
CS 317,M,2.0,3.0,,,6.0,2.0,5.0,1.0,,,,1.0,,,,20
CS 339,Main,21.0,43.0,3.0,,61.0,49.0,19.0,7.0,3.0,,,4.0,,,,210
CS 347,M,10.0,10.0,,,20.0,16.0,12.0,8.0,6.0,,,1.0,,,,83
CS 348,Main,38.0,42.0,3.0,,49.0,31.0,12.0,10.0,4.0,,,5.0,,,,194
CS 355,Main,53.0,79.0,2.0,,59.0,10.0,1.0,4.0,1.0,,,3.0,,,,212
CS 378,Main,99.0,42.0,3.0,,22.0,15.0,2.0,2.0,3.0,,,1.0,,,,189
CS 405,Main,27.0,58.0,4.0,,30.0,28.0,15.0,11.0,2.0,,,4.0,,,,179
CS 409,M,3.0,6.0,,,4.0,5.0,10.0,2.0,3.0,,,1.0,,,,34
CS 419,M,10.0,42.0,1.0,,26.0,12.0,2.0,3.0,2.0,,,,,,,98
CS 485,Main,10.0,8.0,,,1.0,,,,,,,,,,,19
CS 490,Main,43.0,6.0,,,4.0,1.0,,,,,,,3.0,,,57
CS 492,Main,28.0,3.0,,,2.0,1.0,,,,,,,3.0,,,37
CS 496,Main,1.0,,,,,,,,,,,,,,,1
CS6001,Main,,2.0,,,2.0,,,,1.0,,,,,,,5
CS6003,Main,11.0,5.0,,,8.0,6.0,1.0,,,,,,,,,31
CS6003,S1,1.0,3.0,,,7.0,4.0,3.0,,,,,,,,,18
CS 601,Main,57.0,52.0,,,11.0,2.0,2.0,,,,,,,,,124
CS 602,Main,19.0,22.0,,,13.0,6.0,4.0,,6.0,,,,,,,70
CS 618,Main,11.0,19.0,,,8.0,1.0,,4.0,,,,1.0,,,,44
CS 626,Main,18.0,44.0,,1.0,105.0,101.0,57.0,12.0,,,,3.0,,,,341
CS 631,Main,2.0,3.0,,,7.0,5.0,2.0,,,,,4.0,,,,23
CS 635,Main,17.0,27.0,4.0,,21.0,12.0,2.0,2.0,1.0,,,1.0,,,,87
CS 663,Main,24.0,66.0,,1.0,80.0,37.0,25.0,2.0,,,,4.0,,,,239
CS 683,Main,25.0,28.0,2.0,,23.0,15.0,8.0,2.0,2.0,,,,,,,105
CS 691,Main,7.0,1.0,,,,1.0,,,,,,,1.0,,,10
CS 692,Main,4.0,4.0,,,,,,,,,,,,,,8
CS 694,Main,1.0,,,,,,,,,,,,,,,1
CS 699,Main,28.0,39.0,,,65.0,7.0,3.0,,,,,4.0,,,,146
CS 725,Main,13.0,23.0,1.0,11.0,44.0,31.0,40.0,16.0,5.0,,,2.0,,,,186
CS 744,Main,7.0,14.0,1.0,,29.0,19.0,17.0,7.0,5.0,,,1.0,,,,100
CS 760,Main,5.0,9.0,,,7.0,10.0,7.0,,,,,1.0,,,,39
CS 771,Main,2.0,4.0,,,4.0,4.0,2.0,,,,,,,,,16
CS 777,Main,17.0,11.0,,,3.0,,2.0,,,,,2.0,,,,35
CS 781,Main,5.0,12.0,,1.0,5.0,4.0,3.0,1.0,1.0,,,1.0,,,,33
CS 783,Main,6.0,6.0,,,17.0,6.0,5.0,2.0,,,,2.0,,,,44
CS 787,Main,5.0,9.0,,,3.0,2.0,,,,,,,,,,19
CS 788,Main,1.0,1.0,,,8.0,6.0,1.0,1.0,,,,2.0,,,,20
CSS801,Main,4.0,2.0,,,,,,,,,,,,,,6
DH 301,Main,3.0,8.0,,,15.0,4.0,4.0,2.0,1.0,,4.0,,,,,41
DH 301,M,,,,,1.0,5.0,3.0,,,,,,,,,9
DH 307,Main,24.0,10.0,,,14.0,2.0,2.0,1.0,1.0,,1.0,3.0,,,,58
DH 307,M,2.0,2.0,,,,,,,1.0,,,,,,,5
DH 604,Main,14.0,,,,1.0,,,,,,,,2.0,,,17
DH 607,Main,8.0,9.0,1.0,3.0,11.0,7.0,4.0,2.0,1.0,,2.0,,,,,48
DH 607,M,1.0,1.0,,,1.0,,,1.0,,,,,,,,4
DH 803,Main,1.0,12.0,,,25.0,17.0,2.0,,,,,1.0,,,,58
DH 803,M,,1.0,,,1.0,,,,,,,,,,,2
DHS801,Main,7.0,,,,1.0,,,,,,,,1.0,,,9
DS 203,M,22.0,45.0,,,57.0,53.0,37.0,15.0,3.0,,,2.0,,,,234
DS 303,M,,2.0,,,4.0,3.0,2.0,3.0,2.0,,,,,,,16
DS 601,Main,9.0,9.0,,3.0,6.0,2.0,,,,,,,,,,29
DSS801,Main,3.0,1.0,,,,,,,,,,1.0,,,,5
EC 101,D1,73.0,73.0,,,86.0,36.0,31.0,20.0,19.0,,,5.0,3.0,,,346
EC 101,D2,47.0,65.0,3.0,,83.0,64.0,60.0,19.0,2.0,,,5.0,,,,348
EC 101,D3,38.0,65.0,3.0,,88.0,61.0,35.0,19.0,4.0,,,,3.0,,,316
EC 101,D4,39.0,105.0,3.0,,93.0,41.0,27.0,11.0,7.0,,,,2.0,,,328
EC 221,Main,7.0,6.0,,,8.0,4.0,5.0,2.0,1.0,,,2.0,,,,35
EC 223,Main,5.0,10.0,,,8.0,5.0,3.0,1.0,,,,3.0,,,,35
EC 225,Main,12.0,7.0,,,6.0,2.0,4.0,2.0,4.0,,,3.0,1.0,,,41
EC 227,Main,9.0,10.0,,,5.0,5.0,1.0,2.0,3.0,,,1.0,,,,36
EC 306,Main,4.0,10.0,,,7.0,7.0,3.0,5.0,2.0,,,1.0,1.0,,,40
EC 308,Main,8.0,14.0,,,11.0,1.0,3.0,2.0,1.0,,,2.0,,,,42
EC 311,Main,6.0,6.0,,,14.0,6.0,4.0,1.0,,,,3.0,,,,40
EC 313,Main,3.0,5.0,,,8.0,6.0,6.0,4.0,5.0,,,,2.0,,,39
EC 402,Main,16.0,16.0,,,7.0,14.0,8.0,8.0,3.0,,,2.0,3.0,,,77
EC 457,M,2.0,,,,10.0,6.0,4.0,2.0,5.0,,,5.0,,,,34
EC 495,Main,16.0,7.0,,,5.0,2.0,1.0,,2.0,,1.0,1.0,1.0,,,36
EC 606,Main,8.0,16.0,,,13.0,9.0,3.0,,,,,1.0,,,,50
EC 707,Main,13.0,6.0,,,2.0,8.0,2.0,1.0,1.0,,,,2.0,,,35
EC 802,Main,1.0,2.0,,,1.0,,,,,,,,,,,4
ECS802,Main,2.0,1.0,,,,,,,,,,,,,,3
EE 101,M,,1.0,,,,2.0,1.0,,1.0,,,2.0,,,,7
EE 103,Main,38.0,52.0,4.0,,46.0,11.0,19.0,17.0,11.0,,4.0,,,,,202
EE 204,S1,6.0,16.0,2.0,,13.0,15.0,16.0,7.0,12.0,,,,,,,87
EE 204,S2,19.0,25.0,,,22.0,15.0,8.0,10.0,6.0,,5.0,,2.0,,,112
EE 207,Main,1.0,2.0,,,2.0,,,,,,,3.0,,,,8
EE 207,M,1.0,1.0,,,,,1.0,,,,,,,,,3
EE 214,Main,17.0,61.0,4.0,,74.0,29.0,12.0,4.0,2.0,,,5.0,,,,208
EE 221,M,1.0,,,,9.0,5.0,8.0,1.0,2.0,,,,2.0,,,28
EE 224,S1,29.0,34.0,2.0,,33.0,7.0,7.0,1.0,,,,3.0,,,,116
EE 224,S2,21.0,35.0,1.0,,17.0,11.0,5.0,1.0,,,,2.0,,,,93
EE 229,S1,16.0,16.0,1.0,,46.0,15.0,12.0,5.0,2.0,,,,,,,113
EE 229,S2,9.0,12.0,1.0,,33.0,12.0,5.0,7.0,6.0,,6.0,,1.0,,,92
EE 236,Main,28.0,67.0,,,81.0,20.0,6.0,6.0,6.0,,,1.0,,,,215
EE 240,Main,131.0,48.0,,,17.0,5.0,2.0,,,,,3.0,,,,206
EE 301,S1,4.0,10.0,,,26.0,30.0,18.0,7.0,1.0,,,4.0,,,,100
EE 301,S2,10.0,9.0,2.0,,6.0,9.0,5.0,24.0,40.0,,10.0,2.0,2.0,,,119
EE 321,M,1.0,1.0,,,1.0,2.0,2.0,1.0,1.0,,,,,,,9
EE 324,Main,131.0,74.0,,,8.0,2.0,,,,,,,,,,215
EE 325,M,,,,,,,,1.0,,,,1.0,,,,2
EE 325,S1,11.0,9.0,2.0,,7.0,29.0,35.0,19.0,14.0,,,1.0,1.0,,,128
EE 325,S2,11.0,13.0,2.0,,21.0,25.0,10.0,7.0,4.0,,,,,,,93
EE 340,Main,30.0,67.0,,,72.0,31.0,5.0,8.0,1.0,,,,,,,214
EE 341,S1,11.0,23.0,,,30.0,27.0,20.0,6.0,2.0,,,5.0,2.0,,,126
EE 341,S2,8.0,12.0,,,20.0,21.0,18.0,7.0,9.0,,,4.0,,,,99
EE 353,Main,80.0,60.0,4.0,,29.0,15.0,16.0,9.0,2.0,,,1.0,,,,216
EE 451,Main,48.0,26.0,,,10.0,2.0,1.0,,1.0,,,,11.0,,,99
EE 457,Main,6.0,2.0,,,7.0,,,,,,,1.0,,,,16
EE 491,Main,68.0,20.0,,,5.0,3.0,1.0,1.0,3.0,,,,8.0,,,109
EE 601,Main,6.0,8.0,,,9.0,8.0,3.0,1.0,,,,3.0,,,,38
EE 603,Main,6.0,12.0,,,8.0,7.0,4.0,2.0,4.0,,,2.0,,,,46
EE 609,Main,19.0,13.0,1.0,,29.0,22.0,15.0,1.0,3.0,,,2.0,,,,105
EE6102,Main,4.0,6.0,,1.0,9.0,3.0,3.0,4.0,2.0,,,6.0,,,,38
EE6105,Main,6.0,5.0,,,6.0,1.0,2.0,3.0,2.0,,6.0,,,,,31
EE6107,Main,4.0,1.0,,1.0,3.0,2.0,4.0,1.0,1.0,,,,,,,18
EE6109,Main,20.0,33.0,1.0,,9.0,4.0,5.0,1.0,1.0,,,5.0,1.0,,,80
EE 616,Main,2.0,6.0,,,2.0,4.0,3.0,2.0,2.0,,,6.0,,,,29
EE 617,Main,13.0,5.0,,,2.0,,,,,,,,,,,21
EE 618,Main,18.0,28.0,1.0,,33.0,15.0,8.0,3.0,2.0,,,5.0,,,,120
EE 625,Main,1.0,3.0,,,3.0,2.0,2.0,2.0,1.0,,1.0,,,,,15
EE 635,Main,1.0,13.0,1.0,1.0,8.0,18.0,11.0,11.0,5.0,,4.0,10.0,,,,85
EE 638,Main,1.0,2.0,,,4.0,2.0,3.0,1.0,4.0,,,,,,,17
EE 640,Main,9.0,12.0,,,22.0,10.0,2.0,1.0,1.0,,2.0,4.0,3.0,,,68
EE 653,Main,2.0,11.0,,,12.0,8.0,,,,,,,,,,33
EE 657,Main,9.0,3.0,,,6.0,5.0,3.0,,,,,2.0,1.0,,,29
EE 658,Main,1.0,2.0,,,1.0,4.0,,,,,,2.0,,,,10
EE 659,Main,2.0,2.0,,1.0,10.0,8.0,14.0,12.0,16.0,,,10.0,,,,77
EE 669,Main,3.0,2.0,,4.0,15.0,15.0,9.0,1.0,2.0,,,1.0,1.0,,,56
EE 671,Main,38.0,57.0,,,42.0,13.0,9.0,3.0,2.0,,,10.0,1.0,,,181
EE 675,Main,2.0,7.0,,,7.0,2.0,1.0,4.0,4.0,,,2.0,,,,29
EE 677,Main,35.0,60.0,1.0,1.0,63.0,33.0,,2.0,,,,2.0,,,,197
EE 678,Main,7.0,18.0,1.0,1.0,22.0,12.0,3.0,,1.0,,,,2.0,,,67
EE 691,Main,14.0,4.0,,,3.0,,,,,,,,12.0,,,33
EE 692,Main,,2.0,,,,,,,,,,,1.0,,,3
EE 694,Main,30.0,8.0,,,6.0,,,,,,,,7.0,,,53
EE 701,Main,11.0,9.0,,,18.0,5.0,2.0,,,,2.0,,,,,47
EE 703,Main,1.0,3.0,,,1.0,2.0,2.0,,3.0,,,3.0,,,,15
EE 709,Main,38.0,58.0,,,22.0,10.0,9.0,3.0,1.0,,,9.0,,,,152
EE 710,Main,1.0,5.0,,,1.0,,3.0,,,,,,,,,10
EE 720,Main,2.0,7.0,,,6.0,4.0,4.0,9.0,2.0,,,4.0,,,,38
EE 723,Main,3.0,4.0,,1.0,2.0,,,,,,,1.0,,,,11
EE 733,Main,8.0,15.0,,2.0,14.0,8.0,6.0,1.0,,,,2.0,,,,62
EE 746,Main,7.0,8.0,,,4.0,5.0,3.0,,,,,1.0,,,,28
EE 748,Main,5.0,9.0,,,,,,,,,,,,,,14
EE 751,Main,1.0,2.0,,,1.0,3.0,1.0,,1.0,,,,,,,9
EE 765,Main,11.0,8.0,,,16.0,11.0,4.0,1.0,,,4.0,,,,,55
EE 769,Main,11.0,24.0,,16.0,12.0,10.0,11.0,6.0,3.0,,,8.0,,,,101
EE 785,Main,5.0,8.0,,,12.0,3.0,2.0,3.0,3.0,,,,,,,36
EE 787,Main,3.0,2.0,,1.0,3.0,,,1.0,,,,,,,,10
EE 788,Main,2.0,2.0,,4.0,1.0,,,,,,,,,,,9
EE 800,Main,8.0,7.0,,3.0,17.0,8.0,2.0,,,,,2.0,,,,47
EE 899,Main,,,,,,,,,,,,,,10.0,179.0,201
EES801,Main,11.0,5.0,,,3.0,,,,,,,,11.0,,,31
EN 110,Main,5.0,10.0,,,8.0,11.0,4.0,2.0,6.0,,2.0,,,,,48
EN 203,Main,8.0,5.0,,,4.0,11.0,7.0,6.0,5.0,,,2.0,,,,48
EN 204,Main,5.0,7.0,,,9.0,9.0,6.0,8.0,1.0,,,3.0,,,,48
EN 213,Main,4.0,5.0,,,8.0,10.0,10.0,3.0,4.0,,,3.0,,,,47
EN 309,Main,10.0,28.0,,,11.0,,1.0,,,,,1.0,,,,51
EN 321,Main,,,,,,,,,,,,2.0,,,,2
EN 323,Main,13.0,20.0,,,16.0,7.0,3.0,,,,,,,,,59
EN 325,Main,4.0,6.0,,,8.0,12.0,7.0,9.0,3.0,,,2.0,,,,51
EN 327,Main,9.0,20.0,,,15.0,3.0,,1.0,1.0,,,4.0,,,,53
EN 401,S1,11.0,17.0,,,10.0,6.0,4.0,2.0,1.0,,,1.0,,,,52
EN 401,S2,6.0,5.0,,,9.0,5.0,7.0,,5.0,,,,,,,37
EN 405,Main,22.0,17.0,,,,,,,,,,,,,,39
EN 406,Main,13.0,6.0,,,8.0,4.0,,,,,,2.0,1.0,,,34
EN 407,Main,2.0,9.0,,,3.0,1.0,3.0,1.0,,,,,,,,19
EN 409,Main,1.0,,,,2.0,4.0,7.0,4.0,,,,,,,,18
EN 411,Main,4.0,2.0,,,4.0,4.0,3.0,1.0,4.0,,,,,,,22
EN 413,Main,3.0,2.0,,,3.0,3.0,3.0,2.0,1.0,,,1.0,,,,18
EN 415,Main,3.0,9.0,,,6.0,,,,,,,,,,,18
EN 417,Main,4.0,7.0,,,3.0,2.0,2.0,,,,,,,,,18
EN 601,Main,3.0,2.0,,,3.0,9.0,5.0,5.0,12.0,,,4.0,,,,43
EN 602,Main,3.0,3.0,,,8.0,6.0,3.0,3.0,1.0,,,,,,,27
EN 606,Main,5.0,14.0,,,29.0,8.0,1.0,,,,,,,,,58
EN 609,Main,10.0,14.0,,,2.0,,,,,,,1.0,,,,27
EN 618,Main,5.0,4.0,,,10.0,16.0,11.0,2.0,,,,,,,,49
EN 624,Main,4.0,14.0,,,16.0,6.0,3.0,,,,,1.0,,,,44
EN 655,Main,3.0,2.0,,,2.0,4.0,3.0,1.0,,,,,,,,15
EN 657,Main,2.0,6.0,,,7.0,2.0,6.0,5.0,3.0,,,7.0,,,,38
EN 663,Main,1.0,1.0,,,1.0,3.0,1.0,,1.0,,,,,,,8
EN 665,Main,3.0,3.0,,,2.0,,,,,,,,,,,8
EN 691,Main,6.0,3.0,,,4.0,1.0,,,,,,,,,,14
EN 694,Main,4.0,12.0,,,8.0,2.0,1.0,,,,,,,,,27
EN 703,Main,,,,,,,,,,,,,,,,1
EN 899,Main,,,,,,,,,,,,,,1.0,53.0,54
ENS801,Main,2.0,4.0,,,3.0,1.0,2.0,,,,,,,,,13
ENT101,Main,46.0,69.0,3.0,,35.0,36.0,8.0,2.0,,,,,1.0,,,200
ENT602,Main,6.0,7.0,,,12.0,6.0,3.0,,,,2.0,,,,,36
ENT602,M,1.0,3.0,,,3.0,4.0,,,,,,,,,,11
ENT603,Main,37.0,68.0,4.0,2.0,22.0,20.0,4.0,3.0,,,,,,,,160
ENT603,M,24.0,31.0,,,10.0,8.0,,,,,,,,,,73
ENT603,S1,1.0,,,,,,,,,,,,,,,1
ENT609,Main,4.0,8.0,,,9.0,1.0,,1.0,1.0,,,1.0,,,,25
ENT609,M,3.0,3.0,,,5.0,2.0,,1.0,,,,,,,,14
ENT611,Main,9.0,5.0,,,9.0,6.0,2.0,10.0,,,,,,,,41
ENT611,M,1.0,3.0,,,5.0,1.0,2.0,2.0,1.0,,1.0,,,,,16
ENT612,Main,11.0,12.0,,1.0,22.0,1.0,,,,,,3.0,,,,50
ENT612,M,1.0,2.0,,,2.0,3.0,,,,,,1.0,,,,9
ENT614,Main,5.0,8.0,,3.0,6.0,4.0,1.0,1.0,,,,,1.0,,,29
ENT614,M,1.0,1.0,,,5.0,5.0,3.0,,,,,,2.0,,,17
ENT615,Main,3.0,6.0,,1.0,2.0,3.0,4.0,2.0,1.0,,,,1.0,,,23
ENT615,M,2.0,1.0,,,1.0,2.0,4.0,2.0,1.0,,1.0,,,,,14
ENT617,Main,7.0,7.0,,,9.0,3.0,1.0,3.0,3.0,,,,1.0,,,34
ENT617,M,,2.0,,,1.0,,3.0,2.0,,,,,,,,8
ENT701,Main,,1.0,,,4.0,,,,,,,,,,,5
ENT899,Main,,,,,,,,,,,,,,,5.0,5
ES 101,Main,11.0,15.0,,,14.0,4.0,,,,,,,,,,44
ES 102,Main,,1.0,,,1.0,,,,,,,,,,,2
ES 200,Main,159.0,144.0,,,105.0,61.0,35.0,10.0,1.0,,,5.0,,,,520
ES 201,Main,12.0,15.0,,,7.0,6.0,4.0,5.0,5.0,,,1.0,,,,55
ES 203,M,1.0,,,,,1.0,2.0,,,,,1.0,,,,5
ES 209,Main,1.0,6.0,,,5.0,5.0,6.0,6.0,6.0,,,,2.0,,,37
ES 213,Main,8.0,25.0,,,6.0,3.0,2.0,,,,,,,,,44
ES 216,Main,7.0,7.0,,1.0,8.0,6.0,7.0,1.0,2.0,,,,,,,39
ES 225,Main,5.0,17.0,,,11.0,4.0,5.0,2.0,,,,,,,,44
ES 250,Main,,,,,,,,,,,,,,19.0,763.0,782
ES 250,D1,,,,,,,,,,,,,,,1.0,1
ES 296,Main,2.0,2.0,,,3.0,,,,,,,,1.0,,,8
ES 308,Main,8.0,9.0,,,8.0,8.0,2.0,1.0,,,,1.0,,,,37
ES 315,Main,5.0,4.0,,,6.0,4.0,4.0,11.0,1.0,,,,,,,35
ES 317,Main,8.0,10.0,,,14.0,8.0,4.0,,,,,,,,,44
ES 351,Main,29.0,14.0,,,2.0,,,,,,,,,,,45
ES 407,Main,7.0,9.0,,,5.0,7.0,2.0,1.0,,,,,,,,31
ES 451,Main,21.0,24.0,,,16.0,3.0,2.0,3.0,1.0,,,2.0,,,,72
ES 494,Main,2.0,2.0,,,,,,,,,,,,,,4
ES 601,Main,10.0,2.0,,,6.0,8.0,2.0,2.0,2.0,,,2.0,,,,34
ES 631,Main,2.0,7.0,,,5.0,12.0,1.0,,,,,5.0,1.0,,,33
ES 633,Main,3.0,4.0,,,5.0,7.0,4.0,3.0,,,,4.0,2.0,,,32
ES 635,Main,4.0,7.0,,,7.0,3.0,6.0,,,,,5.0,,,,32
ES 637,Main,5.0,7.0,,,8.0,3.0,2.0,4.0,,,,4.0,,,,33
ES 639,Main,4.0,4.0,,,11.0,11.0,8.0,9.0,4.0,,4.0,3.0,1.0,,,59
ES 645,Main,11.0,5.0,,,6.0,1.0,5.0,2.0,2.0,,,,,,,32
ES 647,Main,4.0,9.0,,,10.0,7.0,6.0,,,,,4.0,,,,40
ES 649,Main,10.0,5.0,,,10.0,9.0,2.0,3.0,,,,,,,,39
ES 651,Main,6.0,13.0,,,5.0,,,,,,,5.0,,,,29
ES 653,Main,,,,,5.0,7.0,10.0,9.0,1.0,,,8.0,,,,40
ES 655,Main,11.0,12.0,2.0,,12.0,14.0,4.0,11.0,2.0,,,,,,,68
ES 657,Main,8.0,13.0,,,18.0,3.0,2.0,,,,,,1.0,,,45
ES 659,Main,3.0,2.0,,,1.0,4.0,2.0,,,,,1.0,,,,13
ES 691,Main,2.0,2.0,,,,,,,,,,1.0,,,,5
ES 694,Main,1.0,4.0,,,9.0,,,,,,,5.0,,,,19
ES 899,Main,,,,,,,,,,,,,,5.0,44.0,49
ESS801,Main,10.0,1.0,,,,,,,,,,,1.0,,,12
ET 601,Main,7.0,5.0,,,2.0,,,,,,,,,,,14
ET 606,Main,7.0,6.0,,,1.0,,,,,,,,,,,14
ET 610,Main,6.0,7.0,,,5.0,,,,,,,,,,,18
ET 612,Main,5.0,6.0,,,3.0,,,,,,,,,,,14
ET 613,Main,10.0,7.0,,,,,,,,,,,,,,17
ET 619,Main,2.0,3.0,,,2.0,,,,,,,,,,,7
ET 622,Main,,2.0,,,5.0,2.0,,,,,,,,,,9
ET 694,Main,,1.0,,,,,,,,,,,,,,1
ET 899,Main,,,,,,,,,,,,,,,15.0,15
GNR401,M,1.0,4.0,,,2.0,1.0,1.0,,,,,,,,,9
GNR407,M,,,,,1.0,,,,,,,,,,,1
GNR603,Main,12.0,12.0,,,7.0,9.0,3.0,1.0,,,,1.0,,,,45
GNR605,Main,6.0,5.0,,,21.0,13.0,1.0,8.0,4.0,,3.0,,,,,61
GNR607,Main,4.0,17.0,,,11.0,8.0,2.0,3.0,6.0,,5.0,,,,,56
GNR615,Main,7.0,14.0,,1.0,8.0,1.0,,,,,1.0,,,,,32
GNR617,Main,19.0,10.0,,,2.0,,,,,,1.0,,,,,32
GNR619,Main,7.0,12.0,,,9.0,11.0,8.0,5.0,,,,1.0,,,,53
GNR621,Main,8.0,15.0,,,8.0,3.0,,,,,,,2.0,,,36
GNR623,Main,12.0,7.0,,,5.0,1.0,3.0,,,,,1.0,,,,29
GNR627,Main,15.0,17.0,,1.0,11.0,9.0,3.0,1.0,,,,1.0,,,,58
GNR636,Main,,1.0,,1.0,2.0,1.0,1.0,,,,,,,,,6
GNR650,Main,9.0,9.0,,2.0,,,1.0,,,,,,,,,21
GNR653,Main,1.0,3.0,,2.0,,,1.0,,,,,,,,,7
GNR899,Main,,,,,,,,,,,,,,,5.0,5
GNRS01,Main,5.0,,,,,,,,,,,,,,,5
GP 401,Main,9.0,7.0,,,,1.0,,,,,,,,,,17
GP 403,Main,3.0,5.0,,,1.0,3.0,3.0,,3.0,,1.0,,,,,19
GP 407,Main,8.0,8.0,,,1.0,,,,,,,,,,,17
GP 413,Main,1.0,3.0,,,4.0,7.0,1.0,2.0,1.0,,,,,,,19
GP 415,Main,10.0,7.0,,,1.0,,,,,,,,,,,18
GP 503,Main,9.0,4.0,,,3.0,1.0,1.0,1.0,,,,,,,,19
GP 505,Main,9.0,4.0,,1.0,3.0,3.0,,,,,,,,,,20
GP 517,Main,3.0,6.0,,,6.0,1.0,1.0,1.0,1.0,,,,,,,19
GP 519,Main,9.0,2.0,,,4.0,3.0,1.0,,,,,,,,,19
GP 521,Main,13.0,5.0,,,1.0,,,,,,,,,,,19
GP 523,Main,,,,,,,,,,,,,,,19.0,19
GP 525,Main,2.0,6.0,,,,,,,,,,,,,,8
GS 407,Main,6.0,13.0,,,12.0,7.0,2.0,,,,,,,,,40
GS 413,Main,7.0,10.0,,,11.0,7.0,2.0,3.0,,,,,,,,40
GS 415,Main,18.0,10.0,,,6.0,2.0,5.0,,1.0,,,,,,,42
GS 421,Main,3.0,33.0,,,4.0,,,,,,,,,,,40
GS 433,Main,24.0,15.0,,,2.0,,,,,,,1.0,,,,42
GS 435,Main,16.0,14.0,,,6.0,1.0,2.0,,1.0,,,,,,,40
GS 507,Main,12.0,13.0,,,17.0,10.0,6.0,2.0,1.0,,,,,,,61
GS 517,Main,3.0,11.0,,,11.0,8.0,4.0,,2.0,,1.0,,,,,40
GS 519,Main,10.0,24.0,,1.0,5.0,,,,,,,,,,,40
GS 527,Main,6.0,16.0,,,14.0,2.0,1.0,,,,,,,,,39
GS 535,Main,7.0,15.0,1.0,,11.0,11.0,8.0,7.0,4.0,,,,,,,64
GS 537,Main,2.0,5.0,,,16.0,12.0,5.0,2.0,1.0,,,,,,,43
GS 539,Main,24.0,8.0,,,4.0,3.0,,,,,,,,,,39
GS 541,Main,9.0,23.0,,,6.0,1.0,,,,,,,,,,39
GS 543,Main,15.0,27.0,,,10.0,15.0,9.0,,,,,,,,,76
GS 551,Main,,,,,,,,,,,,,,,39.0,39
GS 647,Main,2.0,2.0,,,2.0,,,,,,,,,,,6
GS 663,Main,3.0,2.0,,,,,,,,,,,,,,5
GS 666,Main,7.0,9.0,,,,,,,,,,,,,,16
GS 671,Main,4.0,4.0,,,1.0,1.0,,,,,,,,,,10
GS 673,Main,2.0,3.0,,,4.0,,,,,,,,,,,9
GS 675,Main,14.0,6.0,,,8.0,2.0,1.0,,,,,,,,,31
GS 679,Main,5.0,13.0,,,10.0,,,,,,,,,,,28
GS 686,Main,4.0,7.0,,3.0,4.0,,,,,,,,,,,18
GS 687,Main,9.0,1.0,,,,,,,,,,,,,,10
GS 688,Main,13.0,5.0,,,4.0,2.0,,,,,,,,,,24
GS 691,Main,4.0,,,,,,,,,,,,,,,4
GS 694,Main,4.0,11.0,,,9.0,,,,,,,,,,,24
GS 701,Main,,9.0,,,10.0,,,,,,,,,,,19
GS 709,Main,4.0,,,2.0,,,,,,,,,,,,6
GS 814,Main,4.0,2.0,,1.0,1.0,,,,,,,,,,,8
GS 815,Main,1.0,1.0,,,,,,,,,,,,,,2
GS 821,Main,,,,,1.0,,,,,,,,,,,1
GS 827,Main,3.0,,,,,,,,,,,,,,,3
GS 831,Main,6.0,5.0,,,2.0,,,,,,,,,,,13
GS 832,Main,4.0,,,,,,,,,,,,,,,4
GS 833,Main,3.0,,,,,,,,,,,,,,,3
GS 859,Main,1.0,1.0,,,,,,,,,,,,,,2
GS 899,Main,,,,,,,,,,,,,,,50.0,50
GSS801,Main,15.0,8.0,,,1.0,,,,,,,,,,,24
HS 108,S1,18.0,13.0,,,5.0,4.0,6.0,8.0,3.0,,,,,,,57
HS 108,S2,12.0,31.0,2.0,,59.0,30.0,15.0,4.0,2.0,,,,,,,155
HS 109,S1,5.0,16.0,,,21.0,21.0,4.0,1.0,3.0,,,,,,,71
HS 109,S2,19.0,34.0,1.0,,61.0,21.0,15.0,4.0,,,2.0,,,,,157
HS 113,S1,3.0,6.0,,,7.0,4.0,4.0,4.0,2.0,,1.0,,,,,31
HS 113,S2,4.0,6.0,,,6.0,9.0,3.0,4.0,1.0,,,,,,,33
HS 113,S3,1.0,7.0,,,6.0,10.0,,4.0,2.0,,,,,,,30
HS 113,S4,3.0,6.0,,,6.0,3.0,3.0,4.0,,,,,,,,25
HS 200,Main,73.0,88.0,,,113.0,102.0,92.0,43.0,13.0,,,9.0,,,,533
HS 207,M,7.0,4.0,,,6.0,,,,,,,,,,,17
HS 250,Main,,,,,,,,,,,,,,15.0,777.0,792
HS 307,Main,3.0,3.0,,,5.0,7.0,6.0,3.0,4.0,,,5.0,,,,36
HS4112,Main,1.0,3.0,,,1.0,2.0,,,,,,,,,,7
HS 436,Main,15.0,17.0,,,19.0,17.0,19.0,17.0,7.0,,,,,,,111
HS 443,Main,2.0,4.0,,,1.0,3.0,2.0,,,,,,,,,12
HS 449,Main,7.0,9.0,,1.0,6.0,7.0,11.0,1.0,4.0,,,,,,,46
HS 451,Main,5.0,8.0,,,13.0,3.0,2.0,5.0,,,,1.0,,,,37
HS 467,Main,6.0,6.0,,,12.0,10.0,10.0,2.0,1.0,,,2.0,,,,49
HS 491,Main,6.0,4.0,,,6.0,5.0,5.0,2.0,3.0,,,,,,,31
HS 501,Main,3.0,2.0,,,3.0,,,,,,,,,,,9
HS 503,Main,2.0,4.0,,,1.0,1.0,,,,,,,,,,9
HS 505,Main,1.0,3.0,,,3.0,1.0,,,,,,,,,,9
HS 552,Main,3.0,2.0,,2.0,3.0,1.0,,,,,,,1.0,,,12
HS 556,Main,7.0,7.0,,,1.0,1.0,,,,,,,,,,17
HS 597,Main,2.0,3.0,,,1.0,,1.0,,,,,,1.0,,,8
HS 599,Main,3.0,4.0,,,2.0,,,,,,,,,,,9
HS 623,Main,11.0,13.0,,,8.0,7.0,3.0,1.0,,,,,1.0,,,45
HS 626,Main,3.0,9.0,,,3.0,,,,,,,1.0,,,,16
HS 636,Main,13.0,20.0,1.0,,13.0,12.0,9.0,7.0,4.0,,5.0,,,,,84
HS 646,Main,1.0,4.0,,,2.0,1.0,,,,,,,,,,9
HS 647,Main,5.0,6.0,,,,,,,,,,,,,,12
HS 648,Main,1.0,2.0,,,3.0,1.0,1.0,,,,,,,,,9
HS 649,Main,4.0,4.0,,,2.0,,,,,,,,,,,11
HS 650,Main,4.0,2.0,,,2.0,,,,,,,,,,,9
HS 651,Main,5.0,3.0,,,,,,,,,,,,,,9
HS 652,Main,1.0,2.0,,,4.0,1.0,,,,,,,,,,9
HS 653,Main,2.0,2.0,,,2.0,1.0,1.0,,,,,,,,,9
HS 664,Main,1.0,5.0,,1.0,2.0,1.0,,,,,,1.0,,,,11
HS 665,Main,2.0,,,,,,,,,,,,,,,2
HS 676,Main,2.0,2.0,,,,,,,,,,,,,,4
HS 677,Main,4.0,3.0,,4.0,1.0,1.0,,,,,,,,,,13
HS 711,Main,2.0,,,,,,,,,,,,1.0,,,3
HS 712,Main,2.0,1.0,,,1.0,,,,,,,,,,,4
HS 800,Main,2.0,3.0,,2.0,2.0,,,,,,,,,,,9
HS 803,Main,1.0,2.0,,,,,,,,,,,1.0,,,4
HS 806,Main,2.0,2.0,,,,,,,,,,,,,,4
HS 809,Main,1.0,2.0,,,,,,,,,,,,,,3
HS 813,Main,,2.0,,,,,,,,,,,,,,2
HS 815,Main,2.0,,,,,,,,,,,,,,,2
HS 861,Main,2.0,1.0,,,,,,,,,,,,,,3
HS 862,Main,,1.0,,,,,,,,,,,,,,1
HS 865,Main,1.0,,,4.0,,,,,,,,,,,,5
HS 866,Main,1.0,2.0,,2.0,1.0,,,,,,,,,,,6
HS 899,Main,,,,,,,,,,,,,,1.0,24.0,25
HSS801,Main,3.0,6.0,,,1.0,,,,,,,,,,,10
DE 101,Main,2.0,17.0,,,17.0,,,,,,,,,,,36
DE 109,S1,91.0,47.0,,,7.0,4.0,,,1.0,,,,,,,150
DE 109,S2,74.0,51.0,,,18.0,6.0,4.0,2.0,1.0,,,,,,,156
DE 111,Main,8.0,18.0,,,10.0,,,,,,,,,,,36
DE 113,Main,9.0,15.0,,,6.0,6.0,,,,,,,,,,36
DE 115,Main,,10.0,,,17.0,8.0,2.0,,,,,,,,,37
DE 117,Main,,,,,4.0,16.0,8.0,6.0,2.0,,,1.0,,,,37
DE 119,Main,2.0,24.0,,,10.0,,,,,,,,,,,36
DE 135,Main,,20.0,,,16.0,,,,,,,,,,,36
DE 201,Main,8.0,17.0,,,7.0,3.0,1.0,,,,,,,,,36
DE 203,Main,10.0,17.0,,,7.0,1.0,,1.0,,,,,,,,36
DE 207,Main,9.0,14.0,,,12.0,,,,,,,,,,,35
DE 209,Main,,,,,34.0,,,,,,,,,,,34
DE 215,Main,,,,,3.0,3.0,5.0,,,,,,,,,11
DE 221,Main,14.0,17.0,,,5.0,,1.0,,,,,,,,,37
DE 224,Main,5.0,8.0,,,8.0,1.0,3.0,,,,,,,,,25
DE 231,Main,28.0,7.0,,,,,,,,,,,,,,35
DE 302,Main,,2.0,,,5.0,,,,2.0,,,,,,,9
DE 303,Main,1.0,9.0,,,6.0,,,,,,,2.0,,,,18
DE 307,Main,,,,,3.0,1.0,,,1.0,,,1.0,,,,6
DE 311,Main,1.0,,,,1.0,1.0,,,,,,,,,,3
DE 319,Main,,4.0,,,7.0,9.0,3.0,1.0,,,,1.0,,,,25
DE 320,Main,,,,,1.0,1.0,,,,,,,,,,2
DE 323,Main,11.0,1.0,,,1.0,,,,,,,,,,,13
DE 327,Main,3.0,2.0,,,2.0,1.0,,,,,,,,,,8
DE 329,Main,1.0,,,,,,,,,,,,,,,1
DE 331,Main,,3.0,,,2.0,,,,,,,,,,,5
DE 334,Main,39.0,54.0,,,3.0,1.0,,,,,,,,,,97
DE 335,Main,13.0,20.0,,1.0,7.0,,,,,,,1.0,,,,42
DE 337,Main,2.0,7.0,,,2.0,,2.0,,,,,1.0,,,,14
DE 338,Main,19.0,18.0,,,16.0,12.0,6.0,8.0,4.0,,,2.0,,,,85
DE 340,Main,6.0,22.0,,4.0,29.0,16.0,4.0,,2.0,,,,3.0,,,87
DE 379,Main,8.0,16.0,,,14.0,4.0,,2.0,,,,,,,,44
DE 405,Main,,,,,1.0,,,,,,,,,,,1
DE 410,Main,27.0,49.0,,1.0,49.0,3.0,8.0,,,,,4.0,,,,141
DE 417,Main,3.0,2.0,,,2.0,,1.0,,,,,,,,,8
DE 419,Main,10.0,13.0,,,5.0,,,,,,,1.0,,,,29
DE 431,Main,25.0,6.0,,,3.0,,2.0,,,,,,,,,36
DE 601,Main,,4.0,,,4.0,4.0,,,,,,,,,,12
DE 603,Main,1.0,5.0,,,8.0,,,,,,,,,,,14
DE 605,Main,1.0,8.0,,,4.0,1.0,,,,,,,,,,14
DE 607,Main,4.0,6.0,,,3.0,,,1.0,,,,1.0,,,,15
DE 609,Main,6.0,7.0,,,1.0,2.0,,,,,,,1.0,,,17
DE 610,Main,,3.0,,,8.0,4.0,,,,,,,,,,15
DE 611,Main,5.0,5.0,,,3.0,,,,,,,1.0,,,,14
DE 613,Main,5.0,8.0,,,10.0,4.0,2.0,,,,,,,,,29
DE 615,Main,13.0,1.0,,1.0,2.0,,,,,,,,,,,17
DE 617,Main,5.0,4.0,,,7.0,,,,,,,,,,,16
DE 619,Main,,16.0,,,,,,,,,,,,,,16
DE 621,Main,,,,,16.0,,,,,,,,,,,16
DE 623,Main,,16.0,,1.0,,,,,,,,,,,,17
DE 625,Main,1.0,4.0,,,8.0,3.0,,,,,,,,,,16
DE 627,Main,3.0,15.0,,,33.0,11.0,4.0,,,,,1.0,,,,67
DE 630,Main,2.0,10.0,,,,,,,,,,,,,,12
DE 637,Main,2.0,3.0,,,3.0,2.0,4.0,,,,,,,,,14
DE 641,Main,3.0,4.0,,,5.0,,,,,,,,,,,12
DE 643,Main,4.0,4.0,,,3.0,2.0,,,,,,,,,,13
DE 645,Main,3.0,3.0,,,3.0,4.0,,,,,,,,,,13
DE 647,Main,1.0,12.0,,,9.0,3.0,,,,,,1.0,,,,26
DE 649,Main,6.0,4.0,,,3.0,,,,,,,,,,,13
DE 651,Main,6.0,5.0,,,,1.0,1.0,,,,,,,,,13
DE 653,Main,4.0,4.0,,,5.0,,,,,,,,,,,13
DE 655,Main,6.0,6.0,,,,,,,,,,,,,,12
DE 657,Main,2.0,1.0,,,5.0,4.0,,,,,,,,,,12
DE 659,Main,3.0,4.0,,,5.0,,,,,,,,,,,12
DE 661,Main,2.0,8.0,,,2.0,,,,,,,,,,,12
DE 663,Main,,7.0,,,5.0,3.0,,,,,,1.0,,,,16
DE 665,Main,1.0,12.0,,,,,,,,,,,,,,13
DE 669,Main,9.0,3.0,,,9.0,,,,,,,,,,,21
DE 670,Main,8.0,3.0,,,1.0,,,,,,,,,,,12
DE 675,Main,2.0,6.0,,,2.0,2.0,,,,,,,,,,12
DE 677,Main,4.0,15.0,,,4.0,,,,,,,,,,,23
DE 679,Main,16.0,12.0,,,7.0,,,,,,,,,,,35
DE 687,Main,,3.0,,,3.0,2.0,,,,,,,,,,8
DE 688,Main,11.0,5.0,,,,,,,,,,,,,,16
DE 689,Main,2.0,2.0,,2.0,5.0,5.0,3.0,,,,,,,,,19
DE 692,Main,6.0,3.0,,,,1.0,2.0,,2.0,,,,,,,14
DE 698,Main,,1.0,,,7.0,8.0,3.0,,,,,,,,,19
DE 699,Main,,2.0,,,1.0,3.0,1.0,,,,,3.0,,,,10
DE 701,Main,6.0,4.0,,,7.0,,,,,,,,,,,17
DE 702,Main,4.0,19.0,,,27.0,13.0,5.0,,,,,1.0,,,,69
DE 705,Main,3.0,7.0,,,5.0,1.0,1.0,,,,,2.0,,,,19
DE 708,Main,1.0,7.0,,,4.0,,,,,,,,,,,12
DE 709,Main,2.0,5.0,,,4.0,1.0,,,,,,,,,,12
DE 710,Main,2.0,2.0,,,5.0,3.0,,,,,,,,,,12
DE 711,Main,,7.0,,,2.0,3.0,,,,,,,,,,12
DE 713,Main,2.0,4.0,,,3.0,,,,,,,,,,,9
DE 714,Main,6.0,5.0,,,2.0,1.0,,,,,,1.0,,,,15
DE 718,Main,10.0,15.0,,,5.0,,,,,,,,,,,30
DE 721,Main,,4.0,,,2.0,1.0,,,,,,,,,,7
DE 801,Main,,,,,2.0,2.0,,,,,,,,,,4
DE 802,Main,1.0,1.0,,,,1.0,,,,,,,,,,3
DE 803,Main,4.0,4.0,,,9.0,2.0,4.0,3.0,,,,2.0,,,,28
DE 804,Main,12.0,12.0,,,19.0,15.0,6.0,,1.0,,,,,,,65
DE 899,Main,,,,,,,,,,,,,,1.0,10.0,11
DEP102,Main,,,,,,,,,,,,,,,35.0,35
DEP204,Main,,,,,1.0,,,,,,,,,,,1
DEP301,Main,16.0,15.0,,,3.0,,,,,,,3.0,,,,37
DEP304,Main,,,,,,1.0,,,,,,,,,,1
DEP403,Main,,,,,,,1.0,,,,,,,,,1
DEP405,Main,12.0,9.0,,,11.0,1.0,5.0,,,,,5.0,,,,43
DEP410,Main,,,,,,,,,,,,3.0,,,,3
DEP501,Main,2.0,3.0,,,1.0,3.0,2.0,,,,,,,,,11
DEP701,Main,13.0,28.0,,,9.0,3.0,,,,,,1.0,,,,54
DEP702,Main,12.0,27.0,,,20.0,4.0,5.0,,,,,2.0,,,,70
DEP703,Main,,,,,1.0,,1.0,,,,,,,,,2
DEP704,Main,,3.0,,,2.0,,1.0,,,,,,,,,6
DEP706,Main,3.0,2.0,,,2.0,,,,,,,,,,,7
IE 101,Main,14.0,15.0,,,7.0,4.0,,,,,,1.0,,,,41
IE 401,Main,6.0,2.0,,,8.0,6.0,4.0,,,,,2.0,,,,28
IE 401,M,,,,,1.0,,5.0,,,,,,,,,6
IE 501,Main,,2.0,,1.0,10.0,26.0,18.0,11.0,1.0,,,3.0,,,,72
IE 501,M,3.0,6.0,,,15.0,14.0,8.0,2.0,1.0,,,,,,,49
IE 503,Main,4.0,27.0,,,36.0,34.0,24.0,17.0,8.0,,,3.0,1.0,,,154
IE 503,M,1.0,2.0,,,6.0,,11.0,12.0,1.0,,,1.0,,,,34
IE 507,Main,3.0,9.0,,,14.0,13.0,4.0,,,,,,10.0,,,53
IE 509,Main,13.0,2.0,,,,,,,,,,,,,,15
IE 605,Main,9.0,13.0,,,26.0,5.0,3.0,2.0,1.0,,,,,,,59
IE 609,Main,12.0,36.0,1.0,,28.0,15.0,2.0,1.0,1.0,,,,,,,96
IE 609,M,,8.0,,,6.0,6.0,7.0,2.0,2.0,,,,1.0,,,32
IE 621,Main,17.0,12.0,,1.0,40.0,12.0,23.0,3.0,,,1.0,2.0,,,,111
IE 621,M,5.0,6.0,,,14.0,6.0,20.0,2.0,,,,,,,,53
IE 643,Main,3.0,5.0,,,7.0,20.0,17.0,6.0,20.0,,,30.0,,,,108
IE 685,Main,4.0,5.0,,,4.0,1.0,,,,,,,,,,14
IE 688,Main,2.0,,,,,,,,,,,,,,,2
IE 708,Main,3.0,,,,2.0,2.0,1.0,,,,,,1.0,,,9
IE 708,M,,,,,1.0,2.0,1.0,,,,,,,,,4
IE 802,Main,3.0,3.0,,,2.0,1.0,,,,,,,,,,9
IE 807,Main,,2.0,,,2.0,4.0,,1.0,,,,,,,,9
IE 899,Main,,,,,,,,,,,,,,,6.0,6
IES801,Main,1.0,3.0,,,2.0,,,,,,,,,,,6
LE 102,Main,1.0,7.0,,,3.0,4.0,,,,,,,,,,15
LE 301,Main,4.0,3.0,,,5.0,,,,,,,,,,,12
MA 105,D1,19.0,83.0,,,113.0,68.0,44.0,13.0,7.0,,,,1.0,,,348
MA 105,D2,25.0,79.0,,,93.0,80.0,37.0,7.0,6.0,,,,1.0,,,328
MA 105,D3,116.0,79.0,7.0,,69.0,46.0,23.0,8.0,1.0,,,,2.0,,,351
MA 105,D4,57.0,105.0,,,69.0,65.0,24.0,5.0,3.0,,,,4.0,,,332
MA 109,Main,,,,,,,2.0,8.0,19.0,,,3.0,,,,32
MA 111,Main,,,,,,,5.0,9.0,10.0,,,6.0,,,,30
MA 113,Main,10.0,6.0,,,3.0,2.0,,,,,,,,,,21
MA 114,Main,2.0,1.0,,,1.0,3.0,8.0,1.0,3.0,,,1.0,,,,20
MA 214,Main,,,,,,,,1.0,,,,,,,,1
MA 401,Main,12.0,12.0,1.0,,5.0,11.0,3.0,1.0,13.0,,,2.0,3.0,,,63
MA 403,Main,19.0,19.0,1.0,3.0,14.0,10.0,5.0,,,,,,2.0,,,73
MA 403,M,,1.0,,,1.0,1.0,1.0,1.0,3.0,,,2.0,,,,10
MA 417,Main,7.0,13.0,,,11.0,12.0,14.0,4.0,1.0,,,,1.0,,,63
MA 419,Main,10.0,9.0,,,14.0,3.0,11.0,3.0,14.0,,,1.0,,,,65
MA 419,M,7.0,7.0,,,1.0,,4.0,,1.0,,,,,,,20
MA 450,Main,1.0,1.0,,,,,,,,,,,,,,2
MA 503,Main,1.0,,,1.0,,4.0,6.0,17.0,22.0,,,6.0,3.0,,,60
MA5101,Main,,2.0,,1.0,3.0,4.0,,2.0,,,,,,,,12
MA5102,Main,5.0,6.0,,,5.0,1.0,2.0,1.0,7.0,,,2.0,1.0,,,30
MA5103,Main,3.0,1.0,,,1.0,,,,,,,1.0,,,,6
MA5107,Main,1.0,2.0,,,3.0,,2.0,,7.0,,,,,,,15
MA5112,Main,1.0,5.0,,,6.0,3.0,1.0,3.0,1.0,,,,,,,20
MA5114,Main,4.0,1.0,,,2.0,,,,,,,,,,,7
MA 515,Main,5.0,7.0,1.0,2.0,11.0,6.0,8.0,7.0,10.0,,,1.0,,,,58
MA 521,Main,7.0,9.0,,,2.0,3.0,5.0,,,,,1.0,,,,27
MA 581,Main,,,,1.0,3.0,,1.0,2.0,1.0,,,1.0,,,,9
MA 593,Main,1.0,,,,,,,,,,,,,,,1
MA 598,Main,1.0,,,,,,,,,,,,,,,1
MA 599,Main,,1.0,,,,,,,,,,,,,,1
MA 811,Main,,3.0,,,3.0,,,,,,,,,,,6
MA 813,Main,4.0,3.0,,,4.0,4.0,,4.0,2.0,,,1.0,,,,22
MA 815,Main,1.0,2.0,,,4.0,1.0,,,,,,,,,,8
MA 817,Main,,2.0,,,,,,,,,,,,,,2
MA 841,Main,7.0,,,,,,,,,,,,,,,7
MA 843,Main,4.0,1.0,,,,,,,,,,,,,,5
MA 847,Main,2.0,,,,,,,,,,,,,,,2
MA 849,Main,5.0,,,,,,,,,,,,,,,5
MA 861,Main,2.0,3.0,,,,,,,,,,,,,,5
MA 863,Main,,10.0,,,,,,,,,,,,,,10
MA 899,Main,,,,,,,,,,,,,,,22.0,22
MAS801,Main,5.0,3.0,,,1.0,,,,,,,1.0,,,,10
SI 419,Main,7.0,11.0,,,15.0,13.0,17.0,3.0,,,,,,,,66
SI 423,Main,6.0,11.0,,,10.0,9.0,4.0,5.0,3.0,,,,,,,48
SI 424,Main,1.0,,,,,,,,,,,,,,,1
SI 424,M,,1.0,,,3.0,,1.0,1.0,1.0,,,,,,,7
SI 427,M,1.0,4.0,,,8.0,4.0,2.0,,,,,,,,,19
SI 427,S1,2.0,4.0,,,6.0,15.0,11.0,6.0,3.0,,3.0,,,,,50
SI 427,S2,6.0,11.0,1.0,,9.0,8.0,10.0,10.0,7.0,,,4.0,1.0,,,67
SI 429,Main,2.0,7.0,,,8.0,10.0,7.0,8.0,3.0,,,,,,,45
SI 431,Main,6.0,20.0,,1.0,7.0,6.0,4.0,,1.0,,,,,,,45
SI 503,Main,22.0,10.0,,,4.0,3.0,,3.0,1.0,,,,,,,43
SI 505,Main,5.0,8.0,,,14.0,5.0,8.0,1.0,2.0,,1.0,,,,,44
SI 507,Main,18.0,13.0,1.0,,16.0,13.0,6.0,2.0,1.0,,,1.0,,,,71
SI 537,Main,3.0,5.0,,,12.0,15.0,17.0,2.0,,,,,,,,54
SI 593,Main,6.0,5.0,,,,,,,,,,,,,,11
ME 103,Main,22.0,30.0,,,43.0,32.0,27.0,22.0,21.0,,4.0,,1.0,,,202
ME 209,M,,,,,,1.0,,,,,,,,,,1
ME 209,S1,7.0,17.0,2.0,,23.0,16.0,2.0,11.0,2.0,,,,,,,80
ME 209,S2,9.0,15.0,,,18.0,15.0,8.0,2.0,6.0,,,4.0,,,,77
ME 209,S3,7.0,5.0,,,9.0,3.0,1.0,2.0,9.0,,,8.0,,,,44
ME 218,S1,21.0,10.0,,,17.0,16.0,12.0,9.0,7.0,,,8.0,,,,100
ME 218,S2,29.0,40.0,,,23.0,3.0,1.0,2.0,,,,1.0,,,,99
ME 221,S1,9.0,16.0,,,17.0,22.0,22.0,7.0,6.0,,,,,,,99
ME 221,S2,9.0,18.0,,,15.0,15.0,18.0,12.0,8.0,,,4.0,,,,99
ME 223,M,,,,,,1.0,,,,,,,,,,1
ME 223,S1,7.0,16.0,1.0,,16.0,13.0,11.0,6.0,6.0,,,4.0,,,,80
ME 223,S2,9.0,11.0,1.0,,11.0,19.0,13.0,6.0,5.0,,,4.0,,,,79
ME 223,S3,4.0,2.0,,,5.0,4.0,4.0,7.0,8.0,,,4.0,,,,38
ME 306,S1,12.0,9.0,1.0,,17.0,8.0,11.0,4.0,5.0,,,8.0,,,,75
ME 306,S2,3.0,8.0,1.0,,23.0,11.0,11.0,10.0,7.0,,,1.0,,,,75
ME 306,S3,7.0,10.0,,,12.0,21.0,15.0,5.0,4.0,,,,,,,74
ME 307,Main,,,,,,1.0,,,,,,,,,,1
ME 311,M,,1.0,,,,1.0,,1.0,,,,,,,,3
ME 311,S1,15.0,16.0,2.0,,25.0,30.0,13.0,6.0,4.0,,2.0,,3.0,,,116
ME 311,S2,13.0,21.0,2.0,,18.0,26.0,15.0,10.0,8.0,,,2.0,,,,115
ME 315,Main,11.0,3.0,,,,,2.0,,,,,,,,,16
ME 323,S1,3.0,17.0,,,25.0,20.0,25.0,14.0,4.0,,,2.0,,,,110
ME 323,S2,4.0,17.0,,,24.0,30.0,17.0,7.0,5.0,,,5.0,,,,109
ME 346,S1,3.0,3.0,,,19.0,19.0,12.0,4.0,3.0,,,7.0,2.0,,,72
ME 346,S2,4.0,4.0,1.0,,14.0,10.0,12.0,20.0,3.0,,,8.0,1.0,,,77
ME 346,S3,5.0,4.0,,,14.0,10.0,10.0,9.0,15.0,,3.0,5.0,1.0,,,76
ME 374,S1,13.0,49.0,,,44.0,3.0,1.0,,,,,1.0,,,,111
ME 374,S2,21.0,47.0,,,31.0,10.0,,,,,,1.0,,,,110
ME 409,Main,6.0,5.0,,,4.0,4.0,2.0,1.0,,,,,,,,22
ME 423,S1,10.0,14.0,,,20.0,16.0,24.0,14.0,5.0,,,,3.0,,,106
ME 423,S2,11.0,15.0,1.0,,19.0,17.0,26.0,13.0,5.0,,1.0,,2.0,,,110
ME 438,Main,4.0,1.0,,,5.0,2.0,2.0,,2.0,,,,,,,16
ME 441,Main,12.0,115.0,,,59.0,16.0,10.0,3.0,,,,4.0,,,,219
ME 460,Main,8.0,10.0,,,16.0,16.0,7.0,6.0,5.0,,,5.0,,,,75
ME 494,Main,31.0,12.0,,,3.0,1.0,,,,,,,,,,47
ME 601,Main,3.0,4.0,,,3.0,8.0,6.0,8.0,3.0,,1.0,,12.0,,,50
ME6102,Main,5.0,7.0,,3.0,15.0,8.0,3.0,3.0,1.0,,,3.0,,,,48
ME6110,Main,1.0,3.0,,1.0,,,,,,,,,,,,5
ME6119,Main,3.0,3.0,,,3.0,5.0,8.0,7.0,8.0,,,5.0,,,,44
ME 613,Main,8.0,14.0,,2.0,9.0,19.0,7.0,2.0,,,1.0,,,,,64
ME 617,Main,4.0,6.0,,,9.0,2.0,,,,,,,,,,21
ME 651,Main,5.0,6.0,,,13.0,18.0,13.0,8.0,10.0,,,2.0,,,,80
ME 661,Main,5.0,7.0,,,8.0,5.0,8.0,3.0,4.0,,,3.0,,,,49
ME 662,Main,4.0,2.0,,1.0,2.0,5.0,4.0,,,,,,,,,18
ME 663,Main,7.0,10.0,,,21.0,14.0,2.0,1.0,4.0,,,3.0,,,,67
ME 673,S1,9.0,10.0,1.0,,11.0,11.0,9.0,4.0,2.0,,,,10.0,,,69
ME 673,S2,13.0,18.0,,,21.0,19.0,11.0,6.0,2.0,,,5.0,,,,101
ME 681,Main,5.0,,,,7.0,5.0,6.0,2.0,1.0,,,4.0,,,,30
ME 691,Main,3.0,1.0,,,1.0,,,,,,,,,,,5
ME 704,Main,7.0,21.0,,7.0,25.0,7.0,3.0,2.0,1.0,,,2.0,,,,78
ME 735,Main,12.0,6.0,,,6.0,2.0,5.0,1.0,2.0,,,2.0,,,,36
ME 751,Main,1.0,3.0,,,3.0,4.0,1.0,,,,,1.0,,,,14
ME 756,Main,2.0,10.0,,,8.0,5.0,1.0,2.0,1.0,,,8.0,,,,37
ME 763,Main,,1.0,,,,,,,,,,,,,,1
ME 766,Main,27.0,28.0,,14.0,6.0,,,,2.0,,,1.0,1.0,,,79
ME 774,Main,3.0,3.0,,,7.0,3.0,5.0,2.0,,,,,,,,23
ME 781,Main,34.0,51.0,,6.0,84.0,45.0,18.0,15.0,12.0,,,9.0,1.0,,,275
ME 782,Main,10.0,11.0,,,17.0,8.0,6.0,7.0,3.0,,,7.0,,,,71
ME 785,Main,4.0,4.0,,,4.0,4.0,3.0,,,,,2.0,,,,23
ME 786,Main,3.0,8.0,,,10.0,2.0,3.0,,,,,4.0,,,,33
ME 787,Main,1.0,1.0,,,8.0,3.0,3.0,1.0,,,,3.0,,,,23
ME 788,Main,2.0,1.0,,,1.0,2.0,,,,,,,,,,6
ME 899,S1,,,,,,,,,,,,,,2.0,36.0,39
ME 899,S2,,,,,,,,,,,,,,20.0,69.0,99
MES801,Main,13.0,4.0,,,3.0,,,,,,,3.0,,,,24
MS 101,P1,2.0,26.0,,,25.0,9.0,2.0,2.0,3.0,,,,,,,69
MS 101,P10,25.0,34.0,1.0,,13.0,5.0,1.0,,,,,,,,,79
MS 101,P2,23.0,40.0,,,11.0,3.0,2.0,1.0,,,,,,,,80
MS 101,P3,28.0,35.0,,,10.0,4.0,1.0,,,,,,,,,78
MS 101,P4,16.0,19.0,,,25.0,12.0,,1.0,,,,,,,,73
MS 101,P7,22.0,39.0,,,12.0,2.0,,,,,,,,,,75
MS 101,P8,10.0,25.0,,,27.0,8.0,2.0,1.0,,,,,,,,73
MS 101,P9,15.0,31.0,,,24.0,6.0,,,,,,,,,,76
IWE707,Main,9.0,,,,26.0,,10.0,,,,,,,,,45
IWE708,Main,10.0,,,,35.0,,,,,,,,,,,45
IWE709,Main,13.0,,,,31.0,,,,,,,,,,,44
IWE713,Main,9.0,,,,33.0,,3.0,,,,,,,,,45
IWE716,Main,11.0,9.0,,,14.0,9.0,1.0,,,,1.0,,,,,45
IWE725,Main,12.0,,,,32.0,,,,,,,,,,,44
MG 401,M,5.0,8.0,,,11.0,10.0,6.0,,,,,,,,,40
MG 402,Main,,1.0,,,,,,,,,,,,,,1
MG 402,M,4.0,9.0,,,11.0,7.0,2.0,,1.0,,,2.0,,,,36
MG 403,Main,,1.0,,,1.0,,,,1.0,,,,,,,3
MG 403,M,2.0,5.0,,,12.0,9.0,10.0,1.0,1.0,,,,,,,40
MG 405,M,1.0,3.0,,,10.0,11.0,12.0,,,,,1.0,,,,38
MGS801,Main,2.0,3.0,,,1.0,,,,,,,,,,,6
MGS802,Main,1.0,,,,,,,,,,,,,,,1
MGT801,Main,3.0,11.0,,,3.0,,,,,,,,,,,17
MGT804,Main,3.0,,,,7.0,1.0,,,,,,,,,,11
MGT805,Main,3.0,4.0,,,3.0,4.0,2.0,,,,,,,,,16
MNG802,Main,4.0,2.0,,,2.0,3.0,,,,,,,,,,11
MNG803,Main,4.0,7.0,,,2.0,,,,,,,,,,,13
SOM101,S1,4.0,25.0,,,48.0,43.0,19.0,9.0,,,,,1.0,,,149
SOM101,S2,13.0,38.0,,,51.0,27.0,13.0,14.0,,,,,,,,156
SOM601,Main,21.0,47.0,,,36.0,22.0,5.0,,,,,1.0,,,,132
SOM602,Main,5.0,26.0,,,59.0,26.0,10.0,2.0,,,,,1.0,,,129
SOM603,Main,4.0,21.0,1.0,,44.0,41.0,13.0,3.0,2.0,,,1.0,,,,130
SOM604,Main,2.0,15.0,,,33.0,36.0,27.0,14.0,2.0,,,1.0,,,,130
SOM605,Main,,7.0,,,22.0,38.0,24.0,29.0,10.0,,,,2.0,,,132
SOM606,Main,6.0,30.0,,,77.0,5.0,3.0,5.0,2.0,,,1.0,,,,129
SOM607,Main,4.0,20.0,,,35.0,40.0,13.0,16.0,,,,,1.0,,,129
SOM608,Main,20.0,39.0,,,56.0,13.0,4.0,,,,,2.0,,,,134
SOM609,Main,18.0,52.0,,,39.0,17.0,2.0,,,,1.0,,,,,129
SOM610,Main,,,,,6.0,14.0,61.0,27.0,22.0,,,,,,,130
SOM611,Main,5.0,16.0,,,45.0,30.0,14.0,15.0,3.0,,,1.0,,,,129
SOM620,Main,1.0,15.0,,,18.0,15.0,,,1.0,,,,,,,50
SOM622,Main,5.0,25.0,,,20.0,4.0,,,,,,,,,,54
SOM624,Main,2.0,,,,4.0,7.0,8.0,6.0,6.0,,,,,,,33
SOM625,Main,,,,,,,,,,,,,,,116.0,116
SOM626,Main,,,,,2.0,,,,,,,,,,,2
SOM634,Main,3.0,6.0,,,27.0,14.0,11.0,1.0,,,,,,,,62
SOM635,Main,3.0,,,,15.0,7.0,10.0,9.0,11.0,,6.0,,,,,61
SOM642,Main,16.0,17.0,,,24.0,7.0,2.0,1.0,,,,1.0,,,,68
SOM650,Main,1.0,1.0,,,3.0,4.0,8.0,5.0,3.0,,,,,,,25
SOM651,Main,1.0,3.0,,,,1.0,,,,,,,,,,5
SOM653,Main,2.0,2.0,,,7.0,3.0,2.0,2.0,,,,,,,,18
SOM654,Main,,4.0,,,11.0,6.0,1.0,5.0,4.0,,,,,,,31
SOM655,Main,,3.0,,,10.0,7.0,7.0,2.0,,,,,,,,29
SOM661,Main,4.0,6.0,,,11.0,17.0,12.0,7.0,4.0,,,,2.0,,,63
SOM662,Main,2.0,7.0,,,4.0,2.0,,,,,,,,,,15
SOM663,Main,10.0,5.0,,,4.0,,,,,,,1.0,,,,20
SOM671,Main,11.0,16.0,1.0,1.0,25.0,7.0,3.0,3.0,,,,2.0,,,,69
SOM686,Main,9.0,18.0,,,12.0,11.0,3.0,4.0,2.0,,,,,,,59
SOM690,Main,8.0,22.0,,,24.0,11.0,,,,,,,,,,65
SOM697,Main,6.0,12.0,,,28.0,14.0,6.0,,,,,,,,,66
SOM698,Main,3.0,5.0,,,30.0,8.0,2.0,2.0,2.0,,,,,,,52
SOM703,Main,7.0,13.0,,,18.0,15.0,4.0,,,,,,,,,57
SOM705,Main,5.0,24.0,,,19.0,5.0,1.0,1.0,,,,,,,,55
SOM709,Main,9.0,23.0,1.0,,8.0,10.0,9.0,2.0,1.0,,,,,,,63
SOM713,Main,1.0,4.0,,,8.0,5.0,1.0,,,,,,2.0,,,21
SOM726,Main,5.0,13.0,,,12.0,12.0,20.0,,,,,1.0,,,,63
SOM727,Main,3.0,3.0,,1.0,4.0,2.0,1.0,3.0,1.0,,,,,,,18
SOM729,Main,2.0,7.0,,,12.0,13.0,2.0,,,,,2.0,,,,38
SOM787,Main,3.0,2.0,,4.0,4.0,1.0,,,,,,,,,,14
SOM793,Main,1.0,,,,,,,,,,,,,,,1
SOM801,Main,1.0,,,,,,,,,,,,,,,1
SOM804,Main,,,,,4.0,,,,,,,,,,,4
SOM899,Main,,,,,,,,,,,,,,,12.0,12
MM 219,S1,18.0,17.0,,,39.0,18.0,23.0,10.0,5.0,,,,,,,130
MM 219,S2,,,,,,,,,,,,,,,,130
MM 221,Main,28.0,38.0,3.0,,40.0,23.0,,,,,,,,,,132
MM 223,Main,13.0,20.0,1.0,,31.0,14.0,21.0,8.0,10.0,,,10.0,3.0,,,131
MM 225,S1,4.0,59.0,,,52.0,6.0,5.0,1.0,3.0,,,4.0,,,,135
MM 225,S2,,22.0,,,29.0,8.0,1.0,,5.0,,,4.0,,,,69
MM 226,Main,16.0,8.0,,,,,1.0,,,,,,,,,25
MM 329,Main,14.0,29.0,2.0,,24.0,13.0,15.0,16.0,10.0,,6.0,,4.0,,,133
MM 331,Main,12.0,14.0,,,14.0,14.0,22.0,13.0,12.0,,,17.0,3.0,,,121
MM 333,S1,10.0,13.0,1.0,,13.0,4.0,8.0,7.0,4.0,,,4.0,,,,64
MM 333,S2,5.0,8.0,,,15.0,11.0,7.0,8.0,6.0,,,2.0,,,,62
MM 335,S1,12.0,17.0,,,15.0,7.0,2.0,1.0,,,,1.0,,,,55
MM 335,S2,13.0,37.0,,,12.0,3.0,,1.0,,,,,,,,66
MM 341,Main,,,,,,,,,,,,,,,,1
MM 341,S1,11.0,13.0,,,14.0,9.0,4.0,1.0,,,,,3.0,,,55
MM 341,S2,7.0,26.0,,,24.0,5.0,,1.0,,,,,,,,63
MM 396,Main,,,,,,,,,,,,1.0,3.0,,,4
MM 433,Main,34.0,44.0,,,31.0,20.0,7.0,,,,,,1.0,,,137
MM 435,S1,14.0,28.0,,,17.0,,,,,,,,,,,59
MM 435,S2,20.0,50.0,,,6.0,,,,,,,,,,,76
MM 439,S1,3.0,9.0,,,7.0,11.0,9.0,11.0,6.0,,4.0,,4.0,,,64
MM 439,S2,2.0,6.0,,,3.0,16.0,8.0,8.0,14.0,,6.0,,8.0,,,71
MM 445,Main,,2.0,,1.0,,,,,,,,,,,,3
MM 451,Main,11.0,13.0,1.0,,11.0,27.0,8.0,32.0,23.0,,,13.0,,,,139
MM 452,Main,3.0,5.0,,,13.0,,2.0,,,,,,1.0,,,24
MM 453,Main,11.0,26.0,,,30.0,21.0,8.0,21.0,22.0,,,,,,,139
MM 474,Main,8.0,6.0,,,11.0,4.0,9.0,,,,,3.0,,,,41
MM 492,Main,4.0,1.0,,,1.0,,,,,,,,,,,6
MM 611,Main,12.0,9.0,,,11.0,,,,,,,,3.0,,,35
MM 621,Main,11.0,12.0,,,10.0,7.0,1.0,,,,,,3.0,,,44
MM 641,Main,3.0,2.0,,,,,,,,,,,,,,6
MM 651,Main,13.0,27.0,,,14.0,16.0,10.0,7.0,2.0,,,9.0,,,,100
MM 654,Main,1.0,2.0,,,,1.0,3.0,4.0,1.0,,,1.0,,,,13
MM 659,Main,10.0,14.0,,,10.0,4.0,1.0,2.0,1.0,,,4.0,,,,47
MM 680,Main,11.0,8.0,,,5.0,5.0,4.0,6.0,7.0,,,,2.0,,,49
MM 685,Main,5.0,10.0,,,2.0,5.0,1.0,1.0,2.0,,,,,,,26
MM 694,Main,8.0,13.0,,,3.0,,,,,,,2.0,,,,27
MM 695,Main,4.0,3.0,,,2.0,1.0,2.0,1.0,1.0,,,,,,,14
MM 699,Main,2.0,8.0,,,3.0,,,,,,,,,,,13
MM 713,Main,4.0,9.0,,,4.0,,,,,,,1.0,,,,18
MM 717,Main,3.0,5.0,,,9.0,5.0,2.0,,,,,,,,,24
MM 719,Main,11.0,20.0,,,16.0,13.0,7.0,4.0,6.0,,,7.0,,,,84
MM 722,Main,6.0,3.0,,,1.0,,,,,,,,1.0,,,11
MM 729,Main,1.0,4.0,,,3.0,2.0,2.0,,,,,,,,,12
MM 730,Main,4.0,5.0,,,4.0,,,,,,,,,,,14
MM 731,Main,12.0,23.0,,,7.0,,,,,,4.0,,,,,47
MM 732,Main,13.0,31.0,,6.0,43.0,14.0,,,1.0,,,,5.0,,,114
MM 733,Main,39.0,7.0,1.0,,4.0,1.0,2.0,1.0,,,,6.0,,,,61
MM 734,Main,3.0,3.0,,,2.0,,,,,,,,,,,8
MM 735,Main,11.0,10.0,,,,,,,,,,1.0,,,,23
MM 737,Main,4.0,5.0,,1.0,8.0,9.0,5.0,2.0,1.0,,,4.0,1.0,,,40
MM 738,Main,2.0,4.0,,,9.0,7.0,6.0,2.0,5.0,,,,2.0,,,37
MM 747,Main,4.0,7.0,,5.0,5.0,7.0,2.0,5.0,2.0,,,,,,,37
MM 755,Main,3.0,4.0,,,4.0,1.0,1.0,,,,,1.0,,,,14
MM 899,Main,,,,,,,,,,,,,,7.0,82.0,90
MMS801,Main,11.0,10.0,,,2.0,1.0,,,,,,,,,,24
PH 109,Main,22.0,20.0,,,9.0,5.0,,,,,,,,,,56
PH 113,Main,12.0,24.0,,,2.0,11.0,5.0,1.0,3.0,,,3.0,,,,61
PH 114,Main,9.0,8.0,1.0,,12.0,16.0,7.0,4.0,1.0,,,,3.0,,,61
PH 117,P13,38.0,28.0,,,16.0,5.0,1.0,1.0,,,,,,,,89
PH 117,P14,20.0,31.0,,,18.0,7.0,3.0,7.0,1.0,,,,1.0,,,88
PH 117,P15,9.0,34.0,,,16.0,9.0,5.0,11.0,4.0,,1.0,1.0,,,,90
PH 117,P16,13.0,34.0,,,15.0,10.0,8.0,5.0,4.0,,,1.0,,,,90
PH 117,P19,13.0,26.0,,,16.0,12.0,6.0,7.0,2.0,,,,1.0,,,83
PH 117,P20,14.0,28.0,,,19.0,13.0,5.0,2.0,2.0,,,,1.0,,,84
PH 117,P21,16.0,23.0,,,19.0,8.0,5.0,6.0,3.0,,1.0,,,,,81
PH 117,P22,8.0,25.0,,,14.0,12.0,3.0,16.0,4.0,,1.0,,,,,83
PH 217,Main,13.0,13.0,,,9.0,9.0,11.0,1.0,2.0,,,15.0,,,,73
PH 221,Main,16.0,15.0,,,11.0,12.0,2.0,,,,,1.0,,,,57
PH 223,Main,4.0,7.0,,,4.0,16.0,9.0,3.0,12.0,,,,3.0,,,58
PH 227,Main,10.0,19.0,1.0,2.0,15.0,9.0,9.0,6.0,2.0,,,3.0,1.0,,,77
PH 251,M,1.0,2.0,,,2.0,1.0,1.0,2.0,3.0,,,,,,,12
PH 253,M,1.0,2.0,,,,1.0,,,,,,,,,,4
PH 303,Main,4.0,2.0,,,1.0,1.0,,,,,,,,,,8
PH 312,Main,3.0,6.0,1.0,,17.0,7.0,6.0,11.0,11.0,,,,1.0,,,63
PH 401,Main,4.0,19.0,1.0,,20.0,8.0,3.0,3.0,2.0,,1.0,,,,,61
PH 403,Main,5.0,6.0,1.0,,9.0,16.0,17.0,1.0,3.0,,,,,,,58
PH 405,Main,3.0,12.0,,,14.0,15.0,9.0,3.0,1.0,,,4.0,1.0,,,62
PH 407,Main,4.0,10.0,,,15.0,13.0,20.0,7.0,10.0,,,3.0,,,,82
PH 434,Main,2.0,7.0,,,13.0,17.0,4.0,,5.0,,,10.0,,,,58
PH 436,Main,4.0,7.0,,,8.0,5.0,6.0,20.0,13.0,,,5.0,,,,68
PH 443,Main,19.0,20.0,,,11.0,7.0,,,,,,,1.0,,,58
PH 446,Main,16.0,39.0,,,6.0,,,,,,,,,,,61
PH 447,Main,42.0,12.0,,,4.0,1.0,1.0,1.0,1.0,,,,2.0,,,64
PH 512,Main,28.0,18.0,,,8.0,1.0,,,,,,,,,,55
PH 517,Main,2.0,,,,7.0,8.0,14.0,16.0,17.0,,2.0,,1.0,,,67
PH 523,Main,3.0,6.0,,1.0,4.0,3.0,3.0,,1.0,,,1.0,,,,22
PH 534,Main,2.0,7.0,,,7.0,7.0,5.0,2.0,1.0,,,2.0,,,,33
PH 543,Main,,7.0,,2.0,8.0,5.0,2.0,,,,,,1.0,,,25
PH 549,Main,3.0,4.0,,,1.0,2.0,3.0,2.0,,,,,,,,15
PH 555,Main,6.0,,,,,,,,,,,,,,,6
PH 557,Main,1.0,7.0,,1.0,6.0,8.0,6.0,2.0,1.0,,,,,,,32
PH 561,Main,1.0,4.0,,1.0,,,,,,,,,,,,6
PH 563,Main,1.0,6.0,,1.0,4.0,,6.0,3.0,1.0,,,,,,,22
PH 565,Main,4.0,5.0,,,5.0,12.0,8.0,5.0,3.0,,,7.0,,,,49
PH 567,Main,2.0,8.0,,2.0,17.0,6.0,10.0,2.0,,,,,1.0,,,48
PH 569,Main,3.0,3.0,,,4.0,13.0,3.0,3.0,1.0,,,,,,,31
PH 575,Main,1.0,6.0,,,11.0,5.0,3.0,,,,,,,,,26
PH 587,Main,12.0,10.0,,,3.0,,,,,,,,1.0,,,26
PH 588,Main,3.0,,,,,,,,,,,,,,,3
PH 595,Main,22.0,11.0,,,4.0,1.0,,,,,,,,,,38
PH 815,Main,,1.0,,1.0,1.0,1.0,,,,,,,,,,4
PH 821,Main,2.0,2.0,,3.0,2.0,2.0,3.0,1.0,,,,,,,,15
PHS801,Main,4.0,1.0,,,1.0,1.0,1.0,,,,,,,,,9
PS 601,Main,1.0,7.0,,,10.0,1.0,,,,,,,,,,19
PS 605,Main,6.0,6.0,,,6.0,1.0,1.0,,,,,,,,,20
PS 606,Main,2.0,8.0,,,8.0,4.0,,,,,,,,,,22
PS 609,Main,2.0,7.0,,,5.0,4.0,2.0,,,,,,,,,20
PS 621,Main,,8.0,,,3.0,,1.0,,,,,,,,,12
PS 625,Main,2.0,7.0,,,9.0,4.0,3.0,,2.0,,,,,,,27
PS 632,Main,2.0,2.0,,,1.0,,1.0,,,,,,,,,6
PS 635,Main,13.0,51.0,,1.0,11.0,,,,,,,1.0,,,,77
PS 643,Main,22.0,36.0,,1.0,42.0,6.0,,,,,,,,,,107
PS 647,Main,1.0,7.0,,,2.0,,,,,,,,,,,10
PS 652,Main,2.0,,,2.0,,,,,,,,,,,,4
PSS801,Main,,2.0,,,5.0,,,,,,,,,,,7
SC 301,M,3.0,2.0,,,7.0,2.0,3.0,,,,,2.0,,,,19
SC 401,Main,4.0,,,1.0,,,,,,,1.0,,,,,6
SC 401,M,1.0,,,,,,,,,,,,,,,1
SC 618,Main,2.0,5.0,,1.0,5.0,3.0,5.0,1.0,,,,2.0,,,,24
SC 618,M,,,,,1.0,,1.0,1.0,,,,,,,,3
SC 625,Main,7.0,12.0,1.0,,14.0,5.0,17.0,14.0,7.0,,,3.0,,,,80
SC 625,M,,,,,,,,1.0,1.0,,,,,,,2
SC 631,Main,5.0,4.0,,,3.0,6.0,11.0,3.0,5.0,,,,,,,37
SC 631,M,,5.0,,,,5.0,2.0,2.0,4.0,,,,,,,18
SC 639,Main,6.0,30.0,,,44.0,9.0,,,,,,2.0,,,,91
SC 639,M,11.0,13.0,,,24.0,5.0,,,,,,,,,,53
SC 649,Main,4.0,7.0,,1.0,8.0,4.0,2.0,2.0,,,,1.0,,,,29
SC 649,M,2.0,4.0,,,4.0,,1.0,,2.0,,,1.0,,,,14
SC 650,Main,5.0,1.0,,,1.0,,1.0,,,,,,,,,8
SC 653,Main,9.0,11.0,,5.0,13.0,8.0,1.0,,,,1.0,,,,,48
SC 653,M,,,,,4.0,3.0,1.0,,,,,,,,,8
SC 655,Main,2.0,3.0,,,5.0,2.0,1.0,3.0,2.0,,,,,,,18
SC 655,M,,,,,1.0,2.0,1.0,2.0,,,,,,,,6
SC 691,Main,4.0,,,,,,,,,,,,,,,4
SC 694,Main,1.0,1.0,,,,,,,,,,,,,,2
SC 899,Main,,,,,,,,,,,,,,1.0,34.0,35
SCS801,Main,3.0,1.0,,,,,,,,,,,,,,4
SCS802,Main,1.0,,,,,,,,,,,,,,,1
TD 390,Main,17.0,5.0,,,3.0,5.0,,,,,,,,,,30
TD 490,Main,1.0,2.0,,,,,,,,,,,,,,3
TD 602,Main,6.0,20.0,,1.0,9.0,4.0,1.0,1.0,,,,,1.0,,,43
TD 603,Main,6.0,10.0,,,9.0,3.0,1.0,,1.0,,,2.0,1.0,,,33
TD 607,Main,4.0,3.0,,,10.0,7.0,6.0,4.0,,,,,,,,34
TD 608,Main,11.0,20.0,,,19.0,17.0,5.0,6.0,2.0,,,,6.0,,,86
TD 609,Main,11.0,8.0,,,,,,,,,,,,,,19
TD 613,Main,5.0,9.0,,,9.0,8.0,7.0,4.0,5.0,,,,,,,47
TD 621,Main,6.0,2.0,,,3.0,1.0,1.0,2.0,1.0,,,,,,,16
TD 626,Main,7.0,17.0,,,7.0,4.0,1.0,,,,,,1.0,,,37
TD 628,Main,1.0,5.0,,,4.0,7.0,1.0,3.0,,,,,,,,21
TD 631,Main,4.0,1.0,,1.0,,,,,,,,,,,,6
TD 638,Main,9.0,23.0,,,17.0,9.0,1.0,,,,,,,,,60
TD 651,Main,,2.0,,4.0,,1.0,,,,,,,1.0,,,8
TD 694,Main,1.0,1.0,,,1.0,,,,,,,,,,,3
TD 899,Main,,,,,,,,,,,,,,,40.0,40
TDE601,Main,2.0,2.0,,,,,,,,,,,,,,4
TDE603,Main,,,,,,,,,,,,,,,4.0,4
TDE605,Main,,1.0,,,1.0,1.0,,,,,,,1.0,,,4
TDE606,Main,,,,,1.0,3.0,,,,,,,,,,4
TDE611,Main,,1.0,,,1.0,,,,,,,,2.0,,,4
TDE612,Main,2.0,2.0,,,1.0,1.0,,,,,,,,,,6
TDE613,Main,2.0,2.0,,,1.0,,,,,,,,,,,5
