Course Code,Division,AA,AB,AP,AU,BB,BC,CC,CD,DD,FF,FR,II,NP,PP,Total
AE 152,Main,5.0,12.0,,,19.0,17.0,13.0,8.0,1.0,5.0,1.0,,,,81
AE 153,M,,,,,,,1.0,,,,,,,,1
AE 219,Main,5.0,3.0,,,4.0,2.0,,,,,,1.0,,,15
AE 233,Main,8.0,14.0,,,21.0,18.0,14.0,3.0,1.0,,,,,,79
AE 238,Main,6.0,19.0,,,17.0,15.0,11.0,9.0,3.0,5.0,4.0,,,,89
AE 238,M,,,,,1.0,,,,,,,,,,1
AE 240,Main,,,,,1.0,,1.0,,1.0,,4.0,,,,7
AE 244,Main,10.0,15.0,1.0,,20.0,17.0,9.0,5.0,3.0,3.0,4.0,,,,87
AE 244,M,,,,,,,,1.0,1.0,1.0,,,,,3
AE 246,Main,64.0,10.0,,,5.0,,,,1.0,,1.0,,,,81
AE 248,Main,9.0,17.0,,1.0,17.0,20.0,16.0,5.0,6.0,,7.0,,,,98
AE 305,Main,,,,,,,1.0,,2.0,,3.0,,,,6
AE 312,Main,,,,,,,,,1.0,,1.0,,,,2
AE 314,Main,1.0,2.0,,,,1.0,,1.0,,,,1.0,,,6
AE 330,Main,,,,,,,,,,,2.0,,,,2
AE 332,Main,3.0,11.0,,,19.0,27.0,7.0,3.0,3.0,,3.0,,,,76
AE 332,M,2.0,1.0,,,,2.0,1.0,,,,,,,,6
AE 419,Main,4.0,1.0,,,2.0,1.0,,,,,,3.0,,,11
AE 427,Main,,,,,,,2.0,1.0,,,,,,,3
AE 454,Main,1.0,,,,,,,,,,,,,,1
AE 493,Main,8.0,,,,1.0,,,,,,,,,,9
AE 494,Main,6.0,4.0,,,2.0,1.0,,2.0,,,1.0,,,,16
AE 501,Main,2.0,3.0,,,3.0,3.0,1.0,,,,1.0,,,,13
AE 607,Main,,4.0,,,10.0,3.0,,,,,,,,,17
AE6103,Main,4.0,8.0,,,8.0,8.0,3.0,5.0,,7.0,4.0,,,,47
AE6104,Main,3.0,2.0,,,,1.0,,1.0,,,,,,,7
AE 611,Main,2.0,12.0,,,6.0,2.0,,,,,,,,,22
AE 622,Main,6.0,10.0,,,13.0,5.0,5.0,1.0,,,1.0,,,,41
AE 650,Main,2.0,1.0,,,2.0,,,,,,1.0,,,,6
AE 651,Main,,8.0,,,7.0,14.0,7.0,5.0,7.0,,9.0,,,,57
AE 653,Main,4.0,1.0,,1.0,2.0,1.0,3.0,2.0,3.0,,1.0,,,,18
AE 656,Main,2.0,1.0,,1.0,4.0,1.0,3.0,8.0,5.0,,4.0,,,,30
AE 666,Main,6.0,5.0,,1.0,9.0,15.0,14.0,19.0,11.0,,8.0,,,,88
AE 666,M,,,,,,1.0,,,,,,,,,1
AE 673,Main,5.0,21.0,,,19.0,13.0,,,,,1.0,,,,59
AE 678,Main,3.0,5.0,,,8.0,10.0,3.0,2.0,3.0,,1.0,,,,35
AE 684,Main,2.0,1.0,,,2.0,1.0,4.0,4.0,,,,,,,14
AE 685,Main,5.0,5.0,,,3.0,3.0,1.0,,,,,,,,17
AE 686,Main,6.0,5.0,,,6.0,5.0,7.0,8.0,6.0,,4.0,,,,47
AE 694,Main,25.0,19.0,,,10.0,5.0,2.0,1.0,,,,1.0,,,63
AE 699,Main,,4.0,,,5.0,1.0,1.0,,,,,,,,11
AE 705,Main,3.0,1.0,,,3.0,3.0,5.0,4.0,8.0,,,,,,27
AE 706,Main,3.0,11.0,,,6.0,2.0,2.0,2.0,2.0,2.0,,,,,30
AE 708,Main,,6.0,,,4.0,5.0,7.0,3.0,,,,,,,25
AE 713,Main,,,,,,2.0,2.0,3.0,,,1.0,,,,8
AE 714,Main,4.0,8.0,,,7.0,4.0,8.0,2.0,,,,,,,33
AE 714,M,,,,,1.0,,,,,,,,,,1
AE 717,Main,1.0,,,,4.0,7.0,9.0,3.0,4.0,,5.0,,,,33
AE 777,Main,1.0,2.0,,,1.0,,1.0,,,,,,,,5
AE 780,Main,1.0,4.0,,,2.0,2.0,2.0,2.0,,,,,,,13
AE 899,Main,,,,,,,,,,,,1.0,,71.0,72
AES801,Main,4.0,4.0,,,,,1.0,,,,,,,,9
BB 101,D3,40.0,61.0,3.0,,27.0,23.0,11.0,20.0,12.0,5.0,5.0,,,,207
BB 400,Main,3.0,1.0,,,4.0,3.0,2.0,,13.0,,,,,,26
BB 400,M,1.0,,,,,,2.0,,,,,,,,3
BB 411,Main,2.0,8.0,,,7.0,7.0,1.0,1.0,,,,,,,26
BB 411,M,1.0,3.0,,,1.0,2.0,,,,,,,,,7
BB 412,Main,11.0,9.0,,,9.0,4.0,1.0,,,,,,,,34
BB 427,Main,2.0,5.0,,1.0,1.0,1.0,,1.0,,,,,,,12
BB 427,M,,,,,1.0,,,,,,,,,,1
BB 503,Main,5.0,8.0,,1.0,3.0,1.0,,,,,,,,,18
BB 503,M,,,,,2.0,1.0,,,,,,,,,3
BB 520,Main,8.0,7.0,,,12.0,7.0,2.0,1.0,1.0,,,,,,38
BB 522,Main,7.0,8.0,,,9.0,9.0,,,2.0,,,,,,35
BB 524,Main,1.0,3.0,,,5.0,11.0,5.0,5.0,2.0,,1.0,,,,33
BB 526,Main,2.0,13.0,,,10.0,6.0,2.0,2.0,,,2.0,,,,37
BB 528,Main,9.0,13.0,,,7.0,2.0,1.0,1.0,,,,,,,33
BB 536,Main,3.0,5.0,,,4.0,1.0,,,,,,,,,13
BB 536,M,,,,,,,1.0,,,,,,,,1
BB 592,Main,25.0,6.0,,,2.0,,,,,,,1.0,,,34
BB 602,Main,15.0,5.0,,,1.0,,,,,,,,,,21
BB 606,Main,5.0,7.0,,1.0,5.0,6.0,3.0,4.0,,,,,,,31
BB 610,Main,57.0,49.0,,,32.0,22.0,7.0,1.0,,,,,,,168
BB 610,M,11.0,11.0,,,7.0,1.0,,,,,,,,,30
BB 611,Main,2.0,1.0,,1.0,2.0,1.0,,,,,,,,,7
BB 612,Main,,3.0,,,,1.0,1.0,,,,,,,,5
BB 618,Main,2.0,1.0,,1.0,5.0,8.0,7.0,5.0,4.0,,2.0,,,,35
BB 618,M,1.0,,,,,,,,,,,,,,1
BB 621,Main,6.0,6.0,,,5.0,8.0,6.0,1.0,3.0,,,,,,35
BB 623,Main,5.0,6.0,,,2.0,,,,,,,,,,13
BB 624,Main,7.0,16.0,,,13.0,1.0,1.0,1.0,,,1.0,1.0,,,41
BB 624,M,1.0,,,,,,,,,,,,,,1
BB 625,Main,3.0,2.0,,,2.0,4.0,1.0,,,,,,,,12
BB 625,M,,,,,2.0,,,,,,,,,,2
BB 626,Main,8.0,8.0,,4.0,5.0,5.0,4.0,6.0,,,2.0,,,,42
BB 626,M,,1.0,,,,,,,,,,,,,1
BB 628,Main,1.0,13.0,,1.0,8.0,3.0,,,,,1.0,,,,27
BB 642,Main,3.0,1.0,,1.0,,,,,2.0,,,1.0,,,8
BB 648,Main,13.0,12.0,,,2.0,,1.0,,1.0,,2.0,,,,31
BB 655,Main,1.0,5.0,,,6.0,2.0,12.0,4.0,10.0,,25.0,,,,65
BB 657,Main,3.0,,,,2.0,4.0,,2.0,,,,2.0,,,13
BB 667,Main,12.0,16.0,,,8.0,4.0,,,,,1.0,,,,41
BB 668,Main,11.0,5.0,,,2.0,1.0,,,,,1.0,,,,20
BB 694,Main,19.0,6.0,,,5.0,,1.0,,,,,,,,31
BB 701,Main,7.0,6.0,,,1.0,,,,,,,,,,14
BBS802,Main,5.0,5.0,,,3.0,1.0,,,,,,,,,14
CE 102,S1,14.0,30.0,1.0,,16.0,7.0,5.0,8.0,8.0,10.0,,,,,99
CE 102,S2,8.0,11.0,,,20.0,13.0,12.0,7.0,4.0,6.0,,,,,81
CE 219,S1,20.0,41.0,,,18.0,5.0,,2.0,1.0,,,,,,87
CE 219,S2,31.0,42.0,,,7.0,1.0,,,,,,,,,81
CE 234,S1,3.0,6.0,,,9.0,15.0,16.0,10.0,19.0,,12.0,,,,90
CE 234,S2,10.0,24.0,1.0,,15.0,14.0,4.0,1.0,8.0,,1.0,,,,78
CE 236,S1,9.0,15.0,1.0,,10.0,11.0,6.0,2.0,4.0,,1.0,,,,59
CE 236,S2,5.0,7.0,1.0,,6.0,16.0,7.0,7.0,,,5.0,1.0,,,55
CE 236,S3,9.0,10.0,,,9.0,8.0,9.0,2.0,4.0,,4.0,1.0,,,56
CE 238,Main,14.0,11.0,1.0,,16.0,48.0,37.0,27.0,28.0,,6.0,6.0,,,194
CE 242,S1,14.0,38.0,,,24.0,5.0,3.0,1.0,1.0,,,,,,86
CE 242,S2,13.0,37.0,,,23.0,8.0,1.0,1.0,,,,,,,83
CE 244,S1,16.0,24.0,2.0,,15.0,13.0,9.0,6.0,2.0,,5.0,,,,92
CE 244,S2,6.0,8.0,,,18.0,25.0,16.0,9.0,9.0,,4.0,,,,95
CE 324,Main,23.0,7.0,,,20.0,13.0,15.0,2.0,3.0,,5.0,,,,88
CE 325,Main,,,,,1.0,,,,,,,,,,1
CE 329,Main,,,,,,,1.0,,,,,,,,1
CE 343,S1,14.0,18.0,,,10.0,10.0,9.0,5.0,6.0,,2.0,,,,74
CE 343,S2,7.0,8.0,,,8.0,21.0,14.0,9.0,4.0,,4.0,,,,75
CE3618,Main,3.0,3.0,,,4.0,5.0,6.0,6.0,2.0,,3.0,3.0,,,35
CE 402,Main,,,,,,,,,,,,2.0,,,2
CE 420,Main,12.0,10.0,,,7.0,11.0,11.0,7.0,3.0,,5.0,4.0,,,70
CE 448,Main,3.0,3.0,,,6.0,11.0,2.0,3.0,1.0,,2.0,2.0,,,33
CE 462,Main,3.0,2.0,,,3.0,3.0,7.0,6.0,10.0,,5.0,8.0,,,47
CE 465,Main,1.0,,,,2.0,2.0,3.0,,2.0,,1.0,,,,11
CE 465,S1,5.0,10.0,,,21.0,13.0,6.0,3.0,3.0,,4.0,,,,65
CE 465,S2,3.0,3.0,1.0,,10.0,16.0,8.0,13.0,12.0,,1.0,1.0,,,68
CE 488,Main,4.0,2.0,,,6.0,,,,,,2.0,,,,14
CE 495,Main,27.0,8.0,,,,4.0,,,,,,5.0,,,44
CE 607,Main,2.0,5.0,,,3.0,1.0,,,,,,,,,11
CE 608,Main,6.0,3.0,1.0,,13.0,10.0,12.0,10.0,8.0,,,3.0,,,66
CE 610,Main,10.0,3.0,,,4.0,2.0,2.0,1.0,,,5.0,,,,27
CE6102,Main,12.0,10.0,,,24.0,11.0,2.0,3.0,6.0,,4.0,,,,72
CE6104,Main,6.0,5.0,,1.0,7.0,12.0,5.0,5.0,2.0,,4.0,,,,47
CE 620,Main,9.0,7.0,,,6.0,4.0,8.0,3.0,7.0,,,,,,44
CE 629,Main,2.0,,,,3.0,,,,,,,,,,5
CE 645,Main,1.0,3.0,,,2.0,2.0,2.0,1.0,,,,,,,11
CE 651,Main,4.0,7.0,,,2.0,1.0,1.0,,,,1.0,,,,16
CE 654,Main,6.0,9.0,,,3.0,,,,,,,,,,18
CE 658,Main,3.0,6.0,,,2.0,,2.0,,3.0,,,,,,16
CE 659,Main,,,,,,,1.0,,,,,,,,1
CE 660,Main,4.0,15.0,,,12.0,5.0,4.0,3.0,3.0,,1.0,,,,47
CE 676,Main,1.0,3.0,,,4.0,4.0,2.0,3.0,,,,,,,17
CE 677,Main,6.0,4.0,,4.0,5.0,,,,,,,,,,19
CE 684,Main,1.0,2.0,,1.0,1.0,1.0,,,,,,,,,6
CE 694,Main,29.0,23.0,,,22.0,4.0,2.0,,,,,4.0,,,84
CE 699,Main,5.0,5.0,,,1.0,,,,,,1.0,,,,12
CE 707,Main,9.0,10.0,,,17.0,15.0,3.0,5.0,2.0,,2.0,,,,63
CE 708,Main,3.0,1.0,,,6.0,4.0,8.0,4.0,,,,1.0,,,27
CE 719,Main,4.0,6.0,,2.0,14.0,4.0,3.0,,,,,,,,33
CE 722,Main,11.0,12.0,,2.0,3.0,,1.0,,,,,,,,29
CE 743,Main,5.0,2.0,,1.0,2.0,2.0,3.0,2.0,,,3.0,,,,20
CE 745,Main,4.0,9.0,,2.0,8.0,4.0,,,,,2.0,,,,29
CE 749,Main,2.0,,,,1.0,,2.0,1.0,,,,,,,6
CE 757,Main,2.0,1.0,,3.0,2.0,2.0,1.0,,,,,,,,11
CE 761,Main,4.0,4.0,,,,1.0,,4.0,1.0,,,2.0,,,16
CE 764,Main,6.0,4.0,,1.0,6.0,3.0,2.0,1.0,,,1.0,,,,24
CE 773,Main,5.0,4.0,,,,,,,1.0,,3.0,,,,13
CE 774,Main,17.0,10.0,,,9.0,6.0,6.0,1.0,,,2.0,,,,51
CE 776,Main,32.0,54.0,,,49.0,14.0,11.0,11.0,4.0,,4.0,,,,179
CE 778,Main,4.0,8.0,,,9.0,4.0,2.0,5.0,5.0,,5.0,1.0,,,43
CE 780,Main,4.0,4.0,,,3.0,2.0,,,,,1.0,,,,14
CE 781,Main,1.0,5.0,,,3.0,3.0,,,,,1.0,,,,13
CE 899,Main,,,,,,,,,,,,,4.0,36.0,40
CES801,Main,8.0,3.0,,,2.0,2.0,1.0,,,,,1.0,,,17
CH 110,Main,5.0,4.0,,,7.0,6.0,6.0,2.0,,1.0,,1.0,,,32
CH 117,P13,70.0,12.0,3.0,,3.0,,1.0,,,,,,,,89
CH 117,P14,68.0,20.0,,,,,,,,,,,,,88
CH 117,P15,67.0,16.0,1.0,,4.0,,,,,1.0,,,,,89
CH 117,P16,48.0,33.0,,,5.0,,,,,,,1.0,,,87
CH 117,P19,52.0,27.0,,,4.0,,,,,,,,,,83
CH 117,P20,66.0,12.0,2.0,,4.0,,,,,,,,,,84
CH 117,P21,53.0,26.0,,,2.0,,,,,,,,,,81
CH 117,P22,40.0,33.0,,,7.0,,,,,1.0,1.0,,,,82
CH 202,Main,3.0,4.0,,,8.0,2.0,7.0,2.0,2.0,,2.0,,,,30
CH 216,Main,2.0,5.0,,1.0,8.0,5.0,1.0,3.0,3.0,,3.0,1.0,,,32
CH 226,Main,21.0,5.0,,,1.0,,,,,,1.0,,,,28
CH 228,Main,14.0,10.0,,,2.0,1.0,,,,,1.0,,,,28
CH 230,Main,13.0,8.0,,,5.0,,,,,,1.0,,,,27
CH 302,Main,3.0,,,,4.0,9.0,10.0,5.0,2.0,,4.0,,,,37
CH 304,Main,3.0,3.0,,,7.0,4.0,5.0,1.0,4.0,,2.0,,,,29
CH 306,Main,3.0,2.0,,,4.0,3.0,7.0,6.0,4.0,,,,,,29
CH 310,Main,23.0,3.0,,,1.0,,,,,,,,,,27
CH 312,Main,8.0,12.0,,,3.0,,,,4.0,,,,,,27
CH 404,Main,7.0,17.0,,,32.0,13.0,9.0,3.0,14.0,,2.0,,,,97
CH 406,Main,9.0,19.0,2.0,,23.0,15.0,11.0,7.0,2.0,,3.0,,,,91
CH 408,Main,6.0,12.0,,,4.0,10.0,19.0,9.0,5.0,3.0,1.0,,,,69
CH 410,Main,25.0,27.0,,,25.0,17.0,9.0,,,,,,,,103
CH 418,Main,9.0,41.0,,,6.0,,,,,,,,,,56
CH 432,Main,45.0,11.0,,,,,,,,,,,,,56
CH 434,Main,25.0,19.0,,,12.0,,,,,,,,,,56
CH 438,Main,18.0,26.0,2.0,,24.0,18.0,13.0,3.0,,,3.0,1.0,,,108
CH 442,Main,7.0,8.0,,,11.0,10.0,10.0,8.0,3.0,1.0,3.0,,,,61
CH 504,Main,10.0,13.0,1.0,1.0,24.0,13.0,8.0,7.0,2.0,1.0,,,,,80
CH 548,Main,9.0,16.0,,3.0,6.0,3.0,1.0,7.0,3.0,,1.0,,,,49
CH 552,Main,7.0,17.0,,,29.0,18.0,13.0,10.0,,,1.0,,,,95
CH 560,Main,3.0,6.0,,2.0,2.0,3.0,2.0,1.0,4.0,,,,,,23
CH 576,Main,3.0,4.0,,1.0,3.0,1.0,,1.0,,,,,,,13
CH 578,Main,11.0,10.0,1.0,,9.0,12.0,7.0,,,,5.0,,,,55
CH 588,Main,5.0,8.0,,,6.0,6.0,2.0,,,,1.0,,,,28
CH 592,Main,1.0,1.0,,,,,,,,,1.0,,,,3
CH 594,Main,32.0,13.0,,,6.0,1.0,1.0,,1.0,,,,,,54
CH 596,Main,6.0,1.0,,,,,,,,,,,,,7
CH 605,Main,4.0,1.0,,,,1.0,,1.0,3.0,,1.0,,,,11
CH 806,Main,1.0,5.0,,,9.0,13.0,10.0,2.0,,,,,,,40
CH 815,Main,2.0,2.0,,4.0,1.0,,,,,,,,,,9
CH 831,Main,13.0,6.0,,,3.0,1.0,,,,,1.0,,,,24
CH 849,Main,3.0,4.0,,2.0,5.0,5.0,1.0,,,,1.0,,,,21
CH 864,Main,6.0,7.0,,,11.0,7.0,6.0,7.0,4.0,,1.0,,,,49
CH 899,Main,,,,,,,,,,,,,3.0,29.0,32
CHS802,Main,20.0,14.0,,,,,,,,,1.0,,,,35
CL 102,Main,13.0,26.0,,,38.0,19.0,23.0,4.0,4.0,2.0,,1.0,,,130
CL 152,Main,,,,,,,,,,,2.0,,,,2
CL 208,S1,12.0,11.0,1.0,,19.0,10.0,7.0,5.0,2.0,,5.0,1.0,,,73
CL 208,S2,10.0,14.0,1.0,,14.0,18.0,11.0,1.0,6.0,,5.0,,,,80
CL 210,Main,50.0,29.0,3.0,,24.0,17.0,10.0,4.0,6.0,,7.0,2.0,,,152
CL 232,Main,23.0,42.0,,,37.0,24.0,14.0,4.0,1.0,,,,,,145
CL 238,S1,4.0,1.0,,,7.0,10.0,17.0,13.0,11.0,,13.0,,,,76
CL 238,S2,4.0,2.0,1.0,,7.0,10.0,9.0,16.0,8.0,,14.0,,,,71
CL 242,S1,1.0,17.0,1.0,,22.0,13.0,9.0,5.0,5.0,,4.0,,,,77
CL 242,S2,5.0,6.0,,,21.0,13.0,12.0,9.0,5.0,,3.0,,,,74
CL 244,S1,,,,,,,,,,,2.0,,,,2
CL 244,S2,,,,,,,,,,,1.0,,,,1
CL 246,S1,,,,,,,,,,,1.0,,,,1
CL 246,S2,,,,,,,,,,,1.0,,,,1
CL 260,Main,2.0,5.0,,,6.0,6.0,5.0,10.0,3.0,,6.0,2.0,,,45
CL 308,Main,17.0,11.0,,,2.0,,,,,,1.0,,,,31
CL 310,Main,,3.0,,,2.0,5.0,3.0,1.0,,,,5.0,,,19
CL 319,S1,,,,,,,,,1.0,,,,,,1
CL 319,S2,,,,,,,,,1.0,,1.0,,,,2
CL 324,S1,,,,,,,,,1.0,,3.0,,,,4
CL 324,S2,,,,,,1.0,,,1.0,,1.0,1.0,,,4
CL 325,Main,4.0,4.0,,,2.0,4.0,,,2.0,,3.0,,,,19
CL 331,Main,22.0,29.0,,,37.0,16.0,17.0,9.0,6.0,,8.0,,,,144
CL 335,Main,27.0,68.0,,,30.0,4.0,4.0,7.0,2.0,,4.0,,,,146
CL 407,Main,9.0,20.0,1.0,,21.0,27.0,23.0,16.0,15.0,,6.0,,,,138
CL 445,Main,24.0,14.0,,,1.0,,,,1.0,,,4.0,,,44
CL 451,Main,12.0,5.0,2.0,,26.0,35.0,29.0,12.0,6.0,1.0,9.0,,,,137
CL 452,Main,27.0,35.0,,,41.0,17.0,10.0,2.0,3.0,,2.0,,,,137
CL 469,Main,3.0,5.0,,3.0,2.0,1.0,2.0,2.0,2.0,,1.0,4.0,,,25
CL 494,Main,4.0,,,,,,,,,,,1.0,,,5
CL6001,Main,6.0,12.0,,,5.0,4.0,1.0,,,,,,,,28
CL 610,Main,14.0,17.0,,,6.0,,,,,,4.0,,,,41
CL 611,Main,6.0,5.0,,,3.0,4.0,,,,,1.0,,,,19
CL 657,Main,5.0,23.0,,1.0,16.0,13.0,8.0,1.0,2.0,,2.0,,,,71
CL 669,Main,6.0,10.0,,,6.0,4.0,,1.0,,,1.0,,,,28
CL 678,Main,16.0,17.0,1.0,,29.0,19.0,20.0,5.0,5.0,,,,,,112
CL 686,Main,3.0,7.0,,,12.0,2.0,4.0,2.0,3.0,,4.0,4.0,,,41
CL 686,M,,1.0,,,6.0,1.0,,3.0,,,,,,,11
CL 694,Main,10.0,8.0,,,9.0,3.0,,,,,,4.0,,,34
CL 704,Main,,,,,,,,,,,,,1.0,58.0,59
CL 716,Main,3.0,1.0,,,,,,,,,,,,,4
CL 720,Main,8.0,8.0,,,9.0,10.0,6.0,5.0,15.0,,5.0,,,,66
CL 899,Main,,,,,,,,,,,,,6.0,38.0,44
CLS802,Main,9.0,5.0,,,2.0,,,,,,,,,,16
CM 504,Main,,1.0,,1.0,1.0,,1.0,,,,,,,,4
CM 613,Main,1.0,,,1.0,,,,,,,,,,,2
CM 615,Main,1.0,9.0,,,8.0,5.0,1.0,3.0,,,,2.0,,,29
CM 616,Main,4.0,5.0,,,5.0,5.0,4.0,1.0,,,1.0,,,,25
CM 618,Main,9.0,8.0,,1.0,3.0,3.0,3.0,3.0,3.0,,1.0,,,,34
CM 801,Main,27.0,32.0,,,13.0,2.0,1.0,,,,,,,,75
CM 899,Main,,,,,,,,,,,,,1.0,3.0,4
CMS801,Main,1.0,,,,2.0,,,,,,,,,,3
CS 101,D1,61.0,64.0,6.0,,68.0,51.0,31.0,32.0,27.0,,,,,,340
CS 101,D2,39.0,63.0,2.0,,63.0,50.0,36.0,41.0,31.0,1.0,,,,,326
CS 104,Main,12.0,18.0,1.0,,30.0,59.0,25.0,31.0,35.0,9.0,,,,,220
CS 108,Main,,,,,,1.0,,1.0,3.0,,6.0,,,,11
CS 207,Main,,,,,,1.0,,,,,1.0,,,,2
CS 207,M,3.0,8.0,1.0,,14.0,11.0,15.0,8.0,8.0,,7.0,,,,75
CS 213,Main,,,,,,,2.0,,,,5.0,,,,7
CS 213,M,5.0,7.0,,,9.0,10.0,36.0,12.0,7.0,,14.0,,,,100
CS 217,Main,12.0,16.0,,,24.0,39.0,41.0,28.0,19.0,,11.0,,,,190
CS 218,Main,21.0,25.0,1.0,,45.0,49.0,28.0,8.0,,1.0,1.0,,,,179
CS 219,Main,32.0,21.0,2.0,,34.0,41.0,21.0,22.0,10.0,,9.0,,,,192
CS 224,Main,,,,,1.0,,,,,,3.0,,,,4
CS 224,M,2.0,7.0,,,12.0,15.0,18.0,7.0,5.0,,24.0,,,,90
CS 228,Main,,2.0,,,,1.0,1.0,,,,,,,,4
CS 228,M,1.0,6.0,,,13.0,13.0,15.0,4.0,4.0,,5.0,,,,61
CS 236,Main,33.0,30.0,2.0,,26.0,39.0,36.0,13.0,12.0,,10.0,,,,201
CS 240,Main,43.0,36.0,,,53.0,56.0,3.0,,,,2.0,,,,193
CS 302,Main,,,,,,1.0,2.0,1.0,2.0,1.0,3.0,,,,10
CS 306,Main,60.0,38.0,,,49.0,15.0,10.0,9.0,2.0,,5.0,,,,188
CS 310,Main,,1.0,,,,,,,,,,,,,1
CS 310,M,2.0,2.0,,1.0,5.0,3.0,4.0,,,,,,,,17
CS 316,Main,,,,,4.0,,1.0,2.0,2.0,,2.0,,,,11
CS 317,Main,21.0,36.0,1.0,,51.0,35.0,12.0,6.0,23.0,,14.0,,,,199
CS 320,Main,22.0,29.0,1.0,,25.0,51.0,29.0,6.0,12.0,9.0,7.0,,,,191
CS 349,Main,82.0,53.0,,,31.0,7.0,8.0,2.0,1.0,,5.0,,,,189
CS 387,Main,,,,,,,1.0,2.0,1.0,,5.0,,,,9
CS 396,Main,18.0,9.0,,,2.0,,,,,,,,,,29
CS 433,Main,21.0,22.0,,2.0,13.0,5.0,,,1.0,,,,,,64
CS 485,Main,28.0,8.0,,,2.0,,1.0,,1.0,,1.0,,,,41
CS 490,Main,43.0,12.0,,,7.0,2.0,1.0,,1.0,,2.0,,,,68
CS 492,Main,9.0,1.0,,,1.0,,,,,,2.0,,,,13
CS 496,Main,27.0,3.0,,,1.0,,1.0,,,,,,,,32
CS6002,Main,15.0,4.0,,,4.0,1.0,1.0,,,,,,,,25
CS6002,M,,1.0,,,,,,,,,,,,,1
CS 603,Main,20.0,8.0,,,13.0,15.0,3.0,,,,,,,,59
CS6102,Main,6.0,10.0,,1.0,8.0,9.0,,2.0,,,,,,,36
CS6103,Main,13.0,22.0,,,20.0,6.0,,,,,,,,,61
CS6104,Main,11.0,10.0,,1.0,7.0,6.0,4.0,,,,,,,,39
CS6106,Main,7.0,10.0,,7.0,7.0,2.0,,,1.0,1.0,,,,,35
CS6106,M,1.0,1.0,,,1.0,,,,,,,,,,3
CS 614,Main,10.0,19.0,2.0,,28.0,11.0,3.0,,1.0,,1.0,,,,75
CS 632,Main,4.0,3.0,,,5.0,5.0,1.0,,,,,,,,18
CS 632,M,,,,,,,1.0,,,,,,,,1
CS 684,Main,4.0,28.0,,,23.0,20.0,21.0,12.0,2.0,,5.0,,,,115
CS 684,M,,,,,1.0,2.0,,,,,,,,,3
CS 691,Main,24.0,13.0,,,4.0,,1.0,,,,,1.0,,,43
CS 692,Main,4.0,2.0,,,,,,,,,1.0,,,,7
CS 694,Main,81.0,36.0,,,9.0,2.0,1.0,,,,1.0,1.0,,,131
CS 695,Main,5.0,14.0,,,14.0,11.0,8.0,5.0,2.0,,4.0,,,,63
CS 695,M,,,,,,1.0,,,,,,,,,1
CS 726,Main,23.0,12.0,3.0,,20.0,10.0,21.0,14.0,3.0,,1.0,,,,107
CS 726,M,2.0,8.0,,,15.0,6.0,14.0,13.0,,,,,,,58
CS 728,Main,11.0,18.0,2.0,2.0,14.0,10.0,2.0,2.0,3.0,,1.0,,,,65
CS 728,M,1.0,2.0,,,2.0,4.0,3.0,1.0,,,,,,,13
CS 736,Main,4.0,17.0,,,20.0,21.0,10.0,19.0,15.0,,16.0,1.0,,,123
CS 736,M,,1.0,,,3.0,1.0,3.0,2.0,8.0,,1.0,,,,19
CS 738,Main,1.0,2.0,,,2.0,,2.0,1.0,,,1.0,,,,9
CS 747,Main,13.0,40.0,,,26.0,20.0,12.0,5.0,4.0,,12.0,,,,132
CS 747,M,2.0,7.0,,,10.0,2.0,8.0,4.0,2.0,,,,,,35
CS 752,Main,10.0,8.0,,1.0,13.0,11.0,9.0,,,,,,,,52
CS 752,M,1.0,,,,,,,,,,,,,,1
CS 754,Main,9.0,11.0,,,19.0,8.0,10.0,4.0,5.0,,,,,,66
CS 754,M,3.0,5.0,,,8.0,1.0,2.0,,,,,,,,19
CS 765,Main,34.0,39.0,2.0,,41.0,21.0,8.0,2.0,1.0,,1.0,,,,149
CS 766,Main,3.0,1.0,,,,2.0,,,3.0,,2.0,,,,11
CS 768,Main,13.0,7.0,,,21.0,5.0,,,,,1.0,,,,47
CS 768,M,,2.0,,,,4.0,,,,,,,,,6
CS 769,Main,15.0,26.0,,1.0,9.0,12.0,9.0,2.0,1.0,11.0,,,,,86
CS 769,M,,,,,3.0,5.0,3.0,1.0,1.0,,,,,,13
CS 770,Main,8.0,16.0,,,11.0,4.0,3.0,2.0,,,,,,,44
CS 773,Main,26.0,21.0,1.0,,28.0,9.0,7.0,3.0,2.0,,4.0,,,,101
CS 773,M,,,,,,1.0,,,,,,,,,1
CS 778,Main,20.0,7.0,,,2.0,2.0,1.0,,,,,,,,32
CS 785,Main,1.0,5.0,,,8.0,4.0,2.0,2.0,,,2.0,,,,24
CS 785,M,,1.0,,,2.0,,1.0,1.0,,,,,,,5
CS 789,Main,1.0,2.0,,,5.0,,,,,,1.0,,,,9
CS 790,Main,4.0,5.0,,,6.0,8.0,8.0,,2.0,,,,,,33
CS 803,Main,11.0,2.0,,,3.0,,,,,,,,,,16
CS 899,Main,,,,,,,,,,,,,6.0,135.0,141
CS 899,2,,,,,,,,,,,,,,,141
CSS801,Main,7.0,2.0,,,,,,,,,,,,,9
CSS802,Main,,1.0,,,,,,,,,,,,,1
DH 301,Main,,5.0,,,7.0,11.0,4.0,3.0,1.0,,3.0,,,,34
DH 301,M,,,,,,2.0,,,,,,,,,2
DH 304,Main,8.0,15.0,,,18.0,11.0,9.0,7.0,4.0,2.0,,,,,74
DH 304,M,3.0,5.0,,,6.0,7.0,4.0,5.0,1.0,1.0,,,,,32
DH 307,Main,24.0,17.0,,,11.0,6.0,,,,,,3.0,,,61
DH 307,M,2.0,,,,,,,,,,,,,,2
DH 603,Main,3.0,3.0,,,1.0,1.0,3.0,,3.0,,1.0,,,,15
DH 604,Main,9.0,4.0,,,6.0,4.0,,2.0,,,1.0,3.0,,,29
DH 604,M,,1.0,,,,,,,,,,,,,1
DH 605,Main,2.0,,,,,,,,,,,,,,2
DH 694,Main,2.0,,,,,,,,,,,,,,2
DH 899,Main,,,,,,,,,,,,,,14.0,14
DHS801,Main,1.0,2.0,,,1.0,,,,,,,1.0,,,5
DHS802,Main,1.0,,,,,,,,,,,,,,1
DS 203,Main,,,,,,,1.0,,1.0,,,,,,2
DS 203,M,2.0,13.0,,,14.0,26.0,16.0,17.0,4.0,,3.0,,,,95
DS 303,M,12.0,41.0,,,65.0,43.0,8.0,,,,,,,,169
DS 602,Main,8.0,6.0,,2.0,,,,,,,,,,,16
DS 602,M,,1.0,,,,,,,,,,,,,1
DS 691,Main,10.0,3.0,,,2.0,,,,,,,,,,15
DS 694,Main,7.0,7.0,,,1.0,,,,,,,,,,15
DS 899,Main,,,,,,,,,,,,,,15.0,15
DSS801,Main,5.0,,,,,,,,,,,,,,5
EC 101,Main,5.0,12.0,,,8.0,4.0,7.0,3.0,4.0,3.0,1.0,,,,47
EC 210,Main,10.0,10.0,,,4.0,3.0,4.0,1.0,1.0,,2.0,,,,35
EC 212,Main,10.0,4.0,,,4.0,4.0,5.0,5.0,2.0,,6.0,,,,40
EC 214,Main,8.0,7.0,,,3.0,4.0,4.0,4.0,,,6.0,2.0,,,38
EC 302,Main,2.0,11.0,,,14.0,5.0,2.0,2.0,,,1.0,,,,37
EC 403,Main,5.0,15.0,,,13.0,7.0,,,2.0,,1.0,,,,43
EC 403,M,,,,,,1.0,,1.0,,,,,,,2
EC 407,Main,5.0,10.0,,1.0,7.0,6.0,6.0,2.0,1.0,2.0,,,,,40
EC 411,Main,6.0,12.0,,,11.0,7.0,2.0,,2.0,,1.0,1.0,,,42
EC 495,Main,,1.0,,,1.0,,,,,,1.0,,,,3
EC 497,Main,9.0,8.0,,,9.0,4.0,,1.0,1.0,,,1.0,,,33
EC 604,Main,4.0,3.0,,1.0,5.0,2.0,5.0,5.0,9.0,,7.0,,,,41
EC 605,Main,3.0,9.0,,1.0,11.0,9.0,5.0,2.0,,,,,,,40
EC 633,Main,1.0,5.0,,,3.0,,,,,,1.0,,,,10
EC 638,Main,6.0,10.0,,,11.0,8.0,6.0,2.0,2.0,,,,,,45
EC 821,Main,3.0,2.0,,,,,,,,,,,,,5
ECS802,Main,2.0,1.0,,,,,,,,,,,,,3
EE 114,S1,21.0,27.0,,,33.0,16.0,12.0,4.0,1.0,,2.0,,,,116
EE 114,S2,11.0,16.0,,,16.0,18.0,11.0,9.0,6.0,4.0,,,,,91
EE 204,Main,1.0,1.0,,,3.0,1.0,1.0,1.0,,,1.0,,,,9
EE 204,M,8.0,2.0,,,2.0,1.0,2.0,,,,,1.0,,,16
EE 207,M,,,,,,1.0,,,,,,,,,1
EE 207,S1,19.0,25.0,1.0,,19.0,14.0,13.0,15.0,7.0,,,2.0,,,115
EE 207,S2,14.0,19.0,1.0,,30.0,14.0,5.0,2.0,1.0,,5.0,,,,91
EE 209,Main,1.0,3.0,,,1.0,,,,,,,,,,5
EE 225,Main,,,,,,,1.0,,,,,,,,1
EE 229,Main,1.0,1.0,,,1.0,,,,,,,,,,3
EE 229,M,,1.0,,,2.0,2.0,1.0,1.0,,,,,,,7
EE 230,S1,31.0,24.0,,,36.0,8.0,5.0,4.0,4.0,,,,,,112
EE 230,S2,14.0,22.0,,,30.0,14.0,5.0,4.0,3.0,,2.0,,,,94
EE 238,S1,19.0,20.0,2.0,,22.0,21.0,10.0,14.0,5.0,,,,,,113
EE 238,S2,17.0,21.0,,,30.0,5.0,6.0,2.0,4.0,,8.0,,,,93
EE 302,M,,,,,1.0,1.0,,1.0,,,,,,,3
EE 302,S1,16.0,28.0,,1.0,28.0,16.0,17.0,8.0,4.0,4.0,1.0,2.0,,,125
EE 302,S2,11.0,14.0,,,13.0,15.0,10.0,11.0,6.0,,11.0,,,,91
EE 309,M,,,,,,,,1.0,,,,,,,1
EE 309,S1,18.0,20.0,1.0,,19.0,9.0,10.0,17.0,12.0,5.0,4.0,,,,115
EE 309,S2,12.0,22.0,,,19.0,14.0,10.0,8.0,7.0,,1.0,,,,93
EE 325,Main,,,,,,,,1.0,2.0,,,,,,3
EE 325,M,1.0,4.0,,,7.0,9.0,9.0,7.0,2.0,,,,,,39
EE 338,Main,9.0,32.0,1.0,,22.0,33.0,12.0,4.0,,,,,,,113
EE 344,Main,60.0,44.0,,,74.0,26.0,11.0,,3.0,,,,,,218
EE 350,S1,2.0,15.0,,,6.0,11.0,2.0,1.0,1.0,,,,,,38
EE 350,S2,2.0,5.0,,,13.0,11.0,3.0,1.0,,,,,,,35
EE 350,S3,1.0,11.0,,,7.0,7.0,7.0,1.0,,,,,,,34
EE 350,S4,3.0,18.0,,,11.0,3.0,,,,,,,,,35
EE 350,S5,3.0,12.0,,,14.0,5.0,1.0,,,,,,,,35
EE 350,S6,3.0,5.0,,,12.0,7.0,9.0,2.0,2.0,,,,,,40
EE 451,Main,4.0,1.0,,,1.0,,1.0,,,,1.0,9.0,,,17
EE 462,Main,10.0,17.0,,,7.0,23.0,15.0,7.0,5.0,,,,,,84
EE 491,Main,,1.0,,,1.0,,,,2.0,,,6.0,,,10
EE 492,Main,49.0,5.0,,,5.0,4.0,,,,,,8.0,,,71
EE 602,Main,23.0,32.0,,,39.0,33.0,28.0,8.0,5.0,,8.0,,,,176
EE 602,M,,,,,,,2.0,,,,,,,,2
EE6106,Main,13.0,12.0,1.0,,20.0,11.0,,2.0,1.0,,3.0,,,,63
EE6106,M,1.0,,,,1.0,1.0,1.0,1.0,,,,,,,5
EE6108,Main,1.0,1.0,,2.0,,,3.0,,1.0,,,,,,8
EE 611,Main,3.0,7.0,,,7.0,3.0,4.0,3.0,4.0,,5.0,,,,36
EE 613,Main,3.0,2.0,,,13.0,18.0,4.0,1.0,2.0,,,,,,44
EE 615,Main,26.0,3.0,,,1.0,,,,,,,,,,31
EE 619,Main,13.0,13.0,,,6.0,6.0,4.0,1.0,,,,,,,43
EE 620,Main,3.0,2.0,,5.0,2.0,9.0,2.0,4.0,,,1.0,,,,30
EE 621,Main,7.0,18.0,,,26.0,17.0,11.0,8.0,8.0,,5.0,,,,100
EE 622,Main,3.0,3.0,,3.0,11.0,4.0,4.0,5.0,5.0,,2.0,,,,41
EE 622,M,,,,,,,2.0,,,,,,,,2
EE 636,Main,1.0,9.0,,,7.0,4.0,3.0,3.0,3.0,,,1.0,,,32
EE 651,Main,6.0,6.0,,,3.0,,2.0,,,,,,,,17
EE 655,Main,2.0,,,,,,,,,,,,,,2
EE 656,Main,6.0,15.0,,,3.0,1.0,,1.0,3.0,,,,,,29
EE 672,Main,10.0,21.0,,,30.0,10.0,,,,,,,,,71
EE 673,Main,3.0,7.0,,,7.0,3.0,2.0,,,,,,,,22
EE 686,Main,7.0,2.0,,,,1.0,3.0,,1.0,,1.0,,,,15
EE 691,Main,57.0,12.0,,,1.0,,1.0,,,,,15.0,,,86
EE 692,Main,5.0,2.0,,,,,,,,,,,,,7
EE 694,Main,36.0,21.0,,,6.0,,,,,,,,,,63
EE7002,Main,10.0,12.0,,1.0,12.0,7.0,6.0,4.0,3.0,,2.0,,,,57
EE 702,Main,8.0,13.0,,,11.0,13.0,4.0,3.0,1.0,,5.0,1.0,,,59
EE 705,Main,28.0,36.0,,,16.0,8.0,1.0,,,,,,,,89
EE 706,Main,18.0,41.0,,,44.0,22.0,19.0,8.0,2.0,,2.0,,,,156
EE 708,Main,2.0,8.0,,,13.0,9.0,4.0,1.0,3.0,,5.0,,,,45
EE 712,Main,3.0,13.0,,,28.0,11.0,11.0,,,,1.0,,,,67
EE 719,Main,13.0,13.0,1.0,,7.0,2.0,5.0,2.0,5.0,,2.0,,,,50
EE 721,Main,20.0,26.0,,1.0,18.0,3.0,,,,,,,,,68
EE 722,Main,8.0,16.0,,,20.0,8.0,10.0,8.0,4.0,2.0,4.0,,,,80
EE 724,Main,2.0,3.0,,1.0,1.0,,,,,,1.0,,,,8
EE 727,Main,6.0,7.0,,,2.0,4.0,,,1.0,,,,,,20
EE 728,Main,5.0,24.0,,,9.0,8.0,9.0,1.0,1.0,,1.0,,,,59
EE 735,Main,9.0,12.0,,,5.0,6.0,4.0,2.0,3.0,,2.0,,,,43
EE 736,Main,1.0,3.0,,,4.0,5.0,1.0,1.0,1.0,,2.0,,,,18
EE 736,M,,1.0,,,1.0,1.0,,,,,,,,,3
EE 739,S1,10.0,31.0,,,20.0,3.0,2.0,,,,,,,,66
EE 739,S2,18.0,25.0,1.0,,25.0,11.0,9.0,6.0,3.0,,3.0,,,,101
EE 753,Main,5.0,3.0,,,6.0,5.0,1.0,,,,,,,,20
EE 755,Main,4.0,4.0,,,2.0,4.0,,,,,1.0,,,,16
EE 758,Main,16.0,4.0,,,3.0,,,,,,,,,,23
EE 764,Main,6.0,5.0,,,11.0,4.0,1.0,1.0,,,,,,,28
EE 767,Main,4.0,7.0,,,3.0,,,1.0,,1.0,,,,,17
EE 770,Main,7.0,16.0,,,17.0,22.0,6.0,5.0,3.0,,,,,,76
EE 779,Main,3.0,3.0,,,1.0,1.0,,,,,,,,,8
EE 780,Main,10.0,6.0,,,11.0,2.0,1.0,,2.0,,,1.0,,,33
EE 784,Main,3.0,4.0,,4.0,6.0,3.0,4.0,1.0,,,,,,,25
EE 789,Main,15.0,22.0,,,15.0,8.0,7.0,2.0,,,,2.0,,,71
EE 790,Main,1.0,4.0,,,6.0,5.0,2.0,2.0,,,,,,,20
EE 791,Main,2.0,4.0,,,8.0,8.0,2.0,,,,,,,,24
EE 793,Main,26.0,48.0,,,41.0,40.0,15.0,9.0,,,1.0,,,,181
EES801,Main,14.0,6.0,,,1.0,,,,,,,1.0,,,24
EN 220,Main,6.0,11.0,1.0,,8.0,10.0,6.0,2.0,,,5.0,1.0,,,50
EN 222,Main,5.0,16.0,,,7.0,7.0,4.0,2.0,2.0,3.0,,2.0,,,48
EN 224,Main,11.0,10.0,,,13.0,8.0,3.0,2.0,1.0,,1.0,,,,49
EN 226,Main,11.0,27.0,,,5.0,2.0,1.0,,,,1.0,,,,47
EN 301,Main,3.0,4.0,,,6.0,5.0,4.0,,2.0,,1.0,,,,25
EN 304,Main,5.0,8.0,,,15.0,10.0,12.0,5.0,2.0,,4.0,,,,61
EN 313,Main,8.0,7.0,,,12.0,9.0,7.0,,1.0,,9.0,1.0,,,54
EN 316,Main,31.0,11.0,,,2.0,2.0,,,,,1.0,,,,47
EN 318,Main,41.0,3.0,,,2.0,,,1.0,,,1.0,,,,48
EN 321,Main,3.0,6.0,,,1.0,2.0,2.0,,,,1.0,1.0,,,16
EN 408,Main,,7.0,,,16.0,12.0,1.0,3.0,,,1.0,,,,40
EN 410,Main,8.0,10.0,,,9.0,15.0,8.0,10.0,22.0,,8.0,,,,90
EN 410,M,,,,,,,,,1.0,,,,,,1
EN 412,Main,4.0,,,,4.0,3.0,3.0,2.0,1.0,,1.0,,,,18
EN 414,Main,5.0,8.0,,,3.0,1.0,1.0,,,,,,,,18
EN 418,Main,1.0,1.0,,,7.0,3.0,5.0,,2.0,,,,,,19
EN 422,Main,5.0,9.0,,,3.0,1.0,,,,,,,,,18
EN 604,Main,5.0,3.0,,1.0,9.0,7.0,5.0,5.0,,,,,,,35
EN 607,Main,4.0,6.0,,,7.0,7.0,2.0,5.0,1.0,,2.0,,,,34
EN 610,Main,7.0,12.0,,1.0,7.0,4.0,2.0,2.0,1.0,,3.0,1.0,,,40
EN 612,Main,13.0,32.0,,,,,,,,,,,,,45
EN 630,Main,1.0,8.0,,,1.0,4.0,2.0,,1.0,,,,,,17
EN 632,Main,4.0,27.0,,,14.0,21.0,15.0,2.0,2.0,,,,,,85
EN 639,Main,2.0,3.0,,,2.0,,,,,,,,,,7
EN 640,Main,2.0,,,,2.0,3.0,1.0,,,1.0,,,,,9
EN 642,Main,3.0,8.0,,,8.0,4.0,5.0,1.0,1.0,,,,,,30
EN 645,Main,4.0,,,,1.0,,,2.0,,,4.0,,,,11
EN 659,Main,3.0,1.0,,,2.0,3.0,2.0,,,,1.0,,,,12
EN 661,Main,1.0,2.0,,,1.0,1.0,1.0,1.0,,,1.0,,,,8
EN 662,Main,4.0,4.0,,,5.0,3.0,3.0,,,,1.0,,,,20
EN 692,Main,4.0,8.0,,,3.0,,,,1.0,,,,,,16
ENS802,Main,3.0,4.0,,,,1.0,,,,,1.0,,,,9
ENT101,Main,36.0,76.0,4.0,,54.0,22.0,5.0,3.0,,,,,,,200
ENT601,Main,11.0,10.0,,,4.0,5.0,2.0,,1.0,1.0,,,,,34
ENT601,M,,,,,1.0,1.0,1.0,,,,,,,,3
ENT602,Main,8.0,5.0,,,12.0,1.0,7.0,,,,,,,,33
ENT602,M,,,,,,,4.0,,,,,,,,4
ENT603,Main,18.0,33.0,1.0,1.0,33.0,50.0,11.0,5.0,2.0,,,1.0,,,156
ENT603,M,13.0,27.0,1.0,,18.0,12.0,,1.0,,,,,,,72
ENT605,Main,15.0,18.0,,,,,,,,,,,,,33
ENT605,M,4.0,8.0,,,1.0,2.0,,,,,,,,,15
ENT607,Main,5.0,8.0,1.0,,11.0,8.0,6.0,1.0,1.0,,,,,,41
ENT607,M,2.0,3.0,,,5.0,4.0,1.0,2.0,,,,,,,17
ENT608,Main,5.0,9.0,,,4.0,4.0,2.0,1.0,,,,5.0,,,30
ENT608,M,,1.0,,,,3.0,2.0,,,,,1.0,,,7
ENT612,Main,7.0,24.0,,,10.0,,,,,,,,,,41
ENT612,M,1.0,6.0,,,5.0,,,,,,,,,,12
ENT613,Main,13.0,4.0,,,1.0,3.0,1.0,3.0,1.0,1.0,,,,,27
ENT613,M,3.0,,,,2.0,1.0,1.0,,,,,,,,7
ENT615,Main,5.0,5.0,,1.0,13.0,7.0,7.0,1.0,1.0,,,1.0,,,41
ENT615,M,2.0,3.0,,,5.0,8.0,3.0,2.0,,,,,,,23
ENT616,Main,2.0,3.0,,,1.0,1.0,,,,,,,,,7
ENT618,Main,1.0,4.0,,,1.0,5.0,,,,,,,,,11
ENT618,M,2.0,2.0,,,1.0,1.0,2.0,,,,,,,,8
ENT622,Main,1.0,1.0,,,4.0,1.0,,,,,,,,,7
ENT622,M,,1.0,,,,,,,,,,,,,1
ENTS01,Main,,1.0,,,2.0,1.0,1.0,,,,,,,,5
ES 200,Main,89.0,181.0,2.0,,115.0,15.0,2.0,2.0,2.0,,3.0,1.0,,,412
ES 203,Main,6.0,5.0,,,15.0,6.0,5.0,3.0,2.0,5.0,,1.0,,,48
ES 204,Main,6.0,9.0,,,9.0,8.0,6.0,4.0,2.0,,,,,,44
ES 208,Main,3.0,8.0,,,12.0,9.0,9.0,3.0,4.0,5.0,,1.0,,,54
ES 250,Main,,,,,,,,,,,,1.0,4.0,533.0,538
ES 252,Main,5.0,16.0,,,15.0,7.0,2.0,,,,,,,,45
ES 319,Main,8.0,6.0,,,10.0,7.0,5.0,6.0,2.0,,1.0,,,,45
ES 321,Main,15.0,9.0,,,7.0,4.0,2.0,1.0,1.0,,,,,,39
ES 404,Main,10.0,6.0,,,4.0,6.0,3.0,,1.0,,1.0,,,,31
ES 493,Main,2.0,3.0,,,2.0,,,,,,,,,,7
ES 495,Main,2.0,1.0,,,1.0,,1.0,,,,,,,,5
ES 600,Main,5.0,10.0,,,19.0,15.0,,1.0,1.0,,1.0,,,,52
ES 602,Main,2.0,2.0,,,4.0,,,,,,,,,,8
ES 616,Main,6.0,13.0,,,11.0,13.0,4.0,,3.0,,1.0,,,,51
ES 624,Main,6.0,1.0,,,8.0,9.0,9.0,1.0,2.0,,1.0,,,,37
ES 642,Main,3.0,6.0,,,6.0,7.0,7.0,7.0,2.0,1.0,,,,,39
ES 654,Main,5.0,5.0,,,2.0,7.0,4.0,,,,,1.0,,,24
ES 656,Main,2.0,2.0,,,1.0,,,,,,,,,,5
ES 658,Main,11.0,13.0,,,6.0,2.0,3.0,2.0,,,1.0,,,,38
ES 664,Main,6.0,17.0,1.0,,23.0,39.0,3.0,1.0,,,,,,,90
ES 666,Main,6.0,6.0,,,4.0,1.0,7.0,2.0,,,,,,,26
ES 668,Main,5.0,5.0,,,7.0,5.0,,,,,,,,,22
ES 670,Main,4.0,3.0,,,11.0,5.0,,,,,,,,,23
ES 672,Main,14.0,13.0,1.0,,14.0,9.0,6.0,,1.0,,,,,,58
ES 674,Main,3.0,6.0,,1.0,2.0,2.0,,2.0,1.0,,,,,,17
ES 676,Main,12.0,9.0,,,5.0,4.0,2.0,1.0,,,,,,,33
ES 680,Main,3.0,6.0,,,,,,,,,,,,,9
ES 682,Main,1.0,1.0,,,2.0,2.0,,4.0,,,,,,,10
ES 691,Main,4.0,3.0,,,,,,,,,,1.0,,,8
ES 692,Main,,1.0,,,,,,,,,,,,,1
ESS801,Main,3.0,3.0,,,,,,,,,,,,,6
ET 602,Main,2.0,,,,,,,,,,,,,,2
ET 604,Main,6.0,7.0,,,4.0,,,,,,,,,,17
ET 611,Main,5.0,8.0,,,5.0,,,,,,,,,,18
ET 614,Main,1.0,5.0,,,1.0,2.0,1.0,,,,,,,,10
ET 694,Main,2.0,7.0,,,,,,,,,,,,,9
ETS801,Main,,3.0,,,2.0,,,,,,,,,,5
GNR402,Main,,3.0,,,4.0,4.0,1.0,,5.0,3.0,2.0,,,,22
GNR406,M,,1.0,,,,,,,,,,,,,1
GNR410,M,,1.0,,,,,,,,,,,,,1
GNR602,Main,10.0,11.0,,,12.0,14.0,7.0,8.0,5.0,5.0,,,,,72
GNR602,M,,1.0,,,6.0,4.0,4.0,4.0,1.0,,,,,,20
GNR618,Main,31.0,31.0,,,24.0,32.0,22.0,9.0,12.0,,5.0,,,,166
GNR628,Main,6.0,5.0,,2.0,7.0,8.0,4.0,3.0,,,3.0,,,,38
GNR629,Main,1.0,6.0,,,,,,,,,,,,,7
GNR630,Main,4.0,10.0,,,5.0,2.0,5.0,1.0,,3.0,,,,,30
GNR631,Main,7.0,16.0,,,13.0,11.0,8.0,,8.0,,4.0,,,,67
GNR633,Main,14.0,7.0,,,7.0,4.0,5.0,2.0,,,3.0,,,,42
GNR638,Main,32.0,28.0,1.0,2.0,16.0,4.0,6.0,3.0,6.0,,,,,,98
GNR638,M,,4.0,,,6.0,3.0,6.0,3.0,3.0,,,,,,25
GNR640,Main,2.0,4.0,,3.0,3.0,6.0,2.0,4.0,5.0,,,,,,29
GNR644,Main,2.0,2.0,,,1.0,2.0,,,1.0,,,,,,8
GNR647,Main,1.0,2.0,,1.0,1.0,1.0,,,,,,,,,6
GNR649,Main,23.0,150.0,6.0,1.0,82.0,18.0,3.0,1.0,1.0,,2.0,,,,287
GNR651,Main,20.0,21.0,,,15.0,2.0,5.0,1.0,,1.0,,,,,65
GNR694,Main,18.0,7.0,,,4.0,1.0,,,,,,,,,30
GNR899,Main,,,,,,,,,,,,,5.0,26.0,31
GNRS02,Main,1.0,,,,,,,,,,,,,,1
GP 402,Main,1.0,6.0,,,7.0,2.0,1.0,,,,,,,,17
GP 408,Main,5.0,8.0,,,4.0,,,,,,,,,,17
GP 414,Main,5.0,4.0,,,5.0,4.0,,,,,,,,,18
GP 416,Main,3.0,9.0,,,5.0,,,,,,,,,,17
GP 418,Main,1.0,7.0,,,6.0,3.0,,,,,,,,,17
GP 420,Main,4.0,7.0,,,5.0,1.0,,,,,,,,,17
GP 422,Main,6.0,5.0,,,4.0,2.0,,,,,,,,,17
GP 502,Main,4.0,4.0,,,13.0,5.0,4.0,4.0,4.0,,1.0,,,,39
GP 506,Main,7.0,6.0,,1.0,2.0,3.0,1.0,,,,,,,,20
GP 516,Main,15.0,10.0,,,9.0,1.0,2.0,,,,,,,,37
GP 518,Main,4.0,3.0,,,7.0,2.0,2.0,,,,1.0,,,,19
GP 520,Main,9.0,9.0,,,,,,,,,1.0,,,,19
GS 318,S1,3.0,,,,,,,,,,1.0,,,,4
GS 416,Main,4.0,15.0,,,14.0,7.0,,,,,,,,,40
GS 422,Main,6.0,4.0,,,8.0,6.0,10.0,3.0,3.0,,,,,,40
GS 430,Main,6.0,7.0,,,10.0,9.0,7.0,,1.0,,,,,,40
GS 434,Main,4.0,2.0,,,9.0,10.0,11.0,4.0,,,,,,,40
GS 436,Main,6.0,13.0,,,8.0,7.0,4.0,2.0,,,,,,,40
GS 438,Main,8.0,12.0,,,11.0,6.0,2.0,1.0,,,,,,,40
GS 440,Main,5.0,18.0,,,9.0,7.0,1.0,,,,,,,,40
GS 450,Main,2.0,10.0,,,21.0,4.0,3.0,,,,,,,,40
GS 530,Main,3.0,2.0,,,1.0,,,,,,,,,,6
GS 534,Main,3.0,8.0,,,18.0,8.0,1.0,1.0,,,,,,,39
GS 536,Main,5.0,10.0,,,15.0,6.0,,,2.0,,,,,,38
GS 538,Main,21.0,12.0,,,5.0,,,,,,,,,,38
GS 540,Main,11.0,15.0,,,10.0,3.0,,,,,,,,,39
GS 542,Main,8.0,10.0,,,10.0,3.0,1.0,,,,,,,,32
GS 545,Main,3.0,,,,,,,,,,,,,,3
GS 552,Main,10.0,13.0,,,14.0,1.0,,,,,,,,,38
GS 654,Main,1.0,3.0,,,2.0,,,,,,,,,,6
GS 662,Main,,4.0,,,8.0,3.0,7.0,,1.0,,1.0,,,,24
GS 668,Main,,1.0,,1.0,2.0,1.0,1.0,,,,,,,,6
GS 672,Main,2.0,3.0,,,10.0,8.0,,,2.0,,,,,,25
GS 676,Main,,,,,9.0,2.0,4.0,1.0,,,1.0,,,,17
GS 706,Main,13.0,16.0,,,4.0,3.0,1.0,,,,,,,,37
GS 710,Main,5.0,6.0,,2.0,,,,,,,,,,,13
GS 815,Main,2.0,,,,,,,,,,,,,,2
GS 832,Main,3.0,,,,,,,,,,,,,,3
GSS802,Main,9.0,7.0,,,1.0,,3.0,,,,,1.0,,,21
HS 110,S1,22.0,20.0,,,14.0,19.0,13.0,12.0,3.0,,,,,,103
HS 110,S2,15.0,29.0,,,37.0,35.0,18.0,11.0,8.0,1.0,,,,,154
HS 111,Main,13.0,16.0,,,17.0,22.0,9.0,11.0,5.0,3.0,,,,,96
HS 112,Main,12.0,46.0,2.0,1.0,54.0,22.0,6.0,,3.0,1.0,,,,,147
HS 200,Main,74.0,122.0,,,93.0,69.0,39.0,16.0,,,7.0,1.0,,,421
HS 250,Main,,,,,,,,,,,,,10.0,526.0,536
HS 301,Main,,,,,,1.0,,,,,,,,,1
HS 312,Main,9.0,10.0,,,12.0,16.0,9.0,5.0,6.0,,2.0,,,,69
HS 401,Main,7.0,7.0,,2.0,5.0,7.0,6.0,6.0,4.0,,,,,,44
HS 455,Main,6.0,5.0,,,16.0,12.0,3.0,2.0,1.0,,2.0,,,,47
HS 465,Main,3.0,7.0,,,11.0,7.0,5.0,1.0,,,,,,,34
HS 502,Main,3.0,5.0,,,1.0,,,,,,,,,,9
HS 504,Main,2.0,3.0,,,3.0,1.0,,,,,,,,,9
HS 506,Main,2.0,2.0,,,4.0,1.0,,,,,,,,,9
HS 554,Main,3.0,3.0,,,1.0,,,,,,,,,,7
HS 557,Main,3.0,2.0,,3.0,4.0,1.0,,,,,,,,,13
HS 564,Main,1.0,2.0,,2.0,,,,,,,,,,,5
HS 598,Main,3.0,2.0,,,2.0,,1.0,,,,,,,,8
HS 618,Main,3.0,4.0,,2.0,8.0,4.0,8.0,5.0,,,1.0,,,,35
HS 621,Main,8.0,19.0,,,15.0,11.0,4.0,,,,1.0,,,,58
HS 624,Main,7.0,7.0,,1.0,4.0,6.0,5.0,4.0,1.0,,3.0,,,,38
HS 629,Main,4.0,,,,,,,,,,,,,,4
HS 634,Main,6.0,3.0,,1.0,5.0,9.0,5.0,4.0,5.0,,,,,,38
HS 639,Main,6.0,11.0,,,7.0,4.0,1.0,,1.0,,3.0,,,,33
HS 640,Main,,3.0,,,2.0,,,,,,,,,,5
HS 654,Main,1.0,2.0,,,1.0,,,,,,,,,,4
HS 656,Main,4.0,2.0,,2.0,1.0,,,,,,,,,,9
HS 657,Main,1.0,2.0,,,2.0,,,,1.0,,,,,,6
HS 661,Main,1.0,1.0,,1.0,1.0,,,,,,,,,,4
HS 662,Main,2.0,2.0,,1.0,2.0,,,,,,,,,,7
HS 663,Main,8.0,10.0,,,15.0,4.0,3.0,2.0,1.0,,,,,,43
HS 666,Main,1.0,,,,1.0,2.0,,,,,,,,,4
HS 673,Main,,2.0,,1.0,5.0,1.0,,,2.0,,2.0,,,,13
HS 678,Main,1.0,8.0,,1.0,4.0,4.0,2.0,3.0,2.0,,,,,,25
HS 694,Main,1.0,4.0,,,2.0,,,,,,,,,,7
HS 713,Main,1.0,3.0,,,,,,,,,,,,,4
HS 804,Main,2.0,1.0,,,3.0,1.0,,,,,,,,,7
HS 805,Main,3.0,1.0,,,,,,,,,,,,,4
HS 814,Main,,,,,2.0,,,,,,,,,,2
HS 840,Main,1.0,,,1.0,,1.0,,,,,,,,,3
HS 842,Main,1.0,,,,,1.0,,,,,,2.0,,,4
HS 843,Main,7.0,2.0,,2.0,5.0,,1.0,,,,,,,,17
HS 845,Main,4.0,5.0,,1.0,12.0,11.0,7.0,4.0,7.0,,6.0,,,,57
HS 859,Main,3.0,1.0,,2.0,,,,,,,,,,,6
HS 867,Main,2.0,,,,,,,,,,,,,,2
HS 869,Main,2.0,7.0,,1.0,1.0,,,,,,,,,,11
HS 870,Main,1.0,,,1.0,,,,,,,,,,,2
HS 871,Main,1.0,1.0,,,,,,,,,,,,,2
HS 872,Main,1.0,,,,,,,,,,,,,,1
HS 873,Main,1.0,,,,,,,,,,,,,,1
HSS802,Main,2.0,8.0,,,1.0,,,,,,,,,,11
DE 102,Main,6.0,14.0,,,12.0,4.0,1.0,,1.0,,,,,,38
DE 106,Main,5.0,11.0,,,12.0,8.0,,,1.0,,1.0,,,,38
DE 109,S1,13.0,67.0,,,21.0,2.0,1.0,,,,,,,,104
DE 109,S2,28.0,83.0,,,31.0,5.0,3.0,2.0,,1.0,,,,,153
DE 110,Main,,,,,15.0,,,,,,,,,,15
DE 112,Main,20.0,16.0,,,,,,,,,,,,,36
DE 114,Main,2.0,9.0,,,6.0,9.0,2.0,,,,,,,,28
DE 116,Main,1.0,11.0,,,12.0,10.0,2.0,,1.0,,,,,,37
DE 129,Main,20.0,7.0,,,2.0,,,,,,,,,,29
DE 134,Main,7.0,21.0,,,8.0,,,1.0,,,,,,,37
DE 136,Main,4.0,4.0,,,10.0,13.0,3.0,1.0,1.0,,,,,,36
DE 202,Main,5.0,14.0,,,12.0,4.0,,,,,,,,,35
DE 204,Main,15.0,12.0,,,7.0,1.0,,,,1.0,,,,,36
DE 206,Main,14.0,12.0,,,9.0,,,,,,1.0,,,,36
DE 208,Main,5.0,7.0,,,2.0,,,,,,,,,,14
DE 210,Main,1.0,8.0,,,8.0,6.0,5.0,1.0,3.0,,,,,,32
DE 212,Main,3.0,6.0,,,16.0,,1.0,,,,,,,,26
DE 214,Main,5.0,7.0,,,3.0,,,,,,,,,,15
DE 216,Main,7.0,52.0,1.0,,50.0,23.0,11.0,12.0,7.0,,8.0,,,,171
DE 222,Main,,21.0,,,13.0,,1.0,,,,,,,,35
DE 232,Main,4.0,9.0,,,1.0,,,,1.0,,,,,,15
DE 250,S1,49.0,66.0,,,38.0,12.0,2.0,,,,,,,,167
DE 250,S2,27.0,60.0,,,46.0,13.0,,2.0,,,1.0,,,,149
DE 250,S3,49.0,78.0,,,30.0,5.0,4.0,2.0,,,1.0,,,,169
DE 250,S4,44.0,62.0,,,52.0,14.0,3.0,,,,1.0,,,,176
DE 250,S5,39.0,80.0,,,39.0,9.0,2.0,1.0,,,2.0,,,,172
DE 250,S6,28.0,55.0,,,52.0,9.0,,2.0,,,1.0,,,,147
DE 250,S7,23.0,100.0,,,41.0,5.0,2.0,,1.0,,,,,,172
DE 250,S8,46.0,74.0,,,37.0,9.0,,,3.0,,,,,,169
DE 301,Main,7.0,9.0,,,7.0,5.0,4.0,3.0,,,,,,,35
DE 306,Main,4.0,6.0,,,8.0,1.0,,,,,1.0,,,,20
DE 308,Main,,3.0,,,3.0,,,,,,,,,,6
DE 312,Main,2.0,,,,1.0,,,,,,1.0,,,,4
DE 313,Main,3.0,1.0,,,1.0,2.0,,,,,,,,,7
DE 318,Main,5.0,9.0,,,21.0,2.0,2.0,,,,,,,,39
DE 323,Main,8.0,1.0,,,,1.0,,,1.0,,,,,,11
DE 324,Main,4.0,5.0,,,12.0,,,,,,,,,,21
DE 328,Main,22.0,16.0,,,7.0,4.0,,,,,1.0,,,,50
DE 328,M,1.0,,,,,,,,,,,,,,1
DE 333,Main,,2.0,,,2.0,3.0,,,,,,,,,7
DE 335,Main,32.0,16.0,,,2.0,,,,,,,,,,50
DE 336,Main,,3.0,,,3.0,1.0,,,,,,,,,7
DE 338,Main,18.0,32.0,,,15.0,5.0,,7.0,7.0,,,,,,84
DE 339,Main,2.0,8.0,,,8.0,6.0,3.0,,,,5.0,,,,32
DE 339,M,,,,,,1.0,,,,,,,,,1
DE 340,Main,20.0,46.0,,,11.0,7.0,8.0,1.0,7.0,,,,,,100
DE 342,Main,30.0,7.0,,4.0,2.0,,1.0,,,,,,,,44
DE 344,Main,79.0,11.0,2.0,,4.0,1.0,2.0,2.0,1.0,1.0,,,,,103
DE 344,M,3.0,,,,,,,,,,,,,,3
DE 403,M,,,,,1.0,,,,,,,,,,1
DE 416,Main,,1.0,,,1.0,5.0,1.0,,,,,,,,8
DE 602,Main,,13.0,,,,,,,,,,,,,13
DE 604,Main,6.0,5.0,,,3.0,,,,,,,,,,14
DE 608,Main,6.0,5.0,,,1.0,1.0,,,,,,,,,13
DE 612,Main,25.0,33.0,,,5.0,2.0,,,,1.0,,,,,66
DE 614,Main,34.0,17.0,,,13.0,5.0,1.0,,,,1.0,,,,71
DE 616,Main,6.0,7.0,,,3.0,,,,,,,,,,16
DE 618,Main,1.0,12.0,,,1.0,1.0,1.0,,,,,,,,16
DE 624,Main,3.0,7.0,,,1.0,1.0,,,,,,,,,12
DE 626,Main,6.0,9.0,,,,,,,,,,,,,15
DE 628,Main,3.0,9.0,,,9.0,2.0,,,,,,,,,23
DE 632,Main,2.0,7.0,,,2.0,1.0,,,,,,,,,12
DE 634,Main,,6.0,,,6.0,1.0,,,,,,,,,13
DE 636,Main,2.0,4.0,,,4.0,1.0,1.0,,,,,,,,12
DE 638,Main,1.0,6.0,,,3.0,2.0,,,,,,,,,12
DE 640,Main,4.0,2.0,,,5.0,1.0,,,,,,,,,12
DE 642,Main,,7.0,,,5.0,,,,,,,,,,12
DE 644,Main,3.0,8.0,,,1.0,,,,,,,,,,12
DE 646,Main,3.0,7.0,,,2.0,,,,,,,,,,12
DE 648,Main,3.0,5.0,,,3.0,1.0,,,,,,,,,12
DE 650,Main,5.0,4.0,,,3.0,,,,,,,,,,12
DE 652,Main,3.0,3.0,,,4.0,2.0,,,,,,,,,12
DE 654,Main,5.0,6.0,,,3.0,,,,,,,,,,14
DE 656,Main,1.0,5.0,,,6.0,,,,,,,,,,12
DE 660,Main,,11.0,,,2.0,3.0,1.0,,,,,,,,17
DE 676,Main,7.0,3.0,,,2.0,,,,,,,,,,12
DE 683,Main,2.0,10.0,,,3.0,,,,,,,,,,15
DE 686,Main,1.0,1.0,,,,,2.0,,1.0,,,,,,5
DE 687,Main,19.0,15.0,,,11.0,4.0,,,1.0,,1.0,,,,51
DE 697,Main,,3.0,,,2.0,,,,,,,1.0,,,6
DE 712,Main,5.0,8.0,,,1.0,,,,,,,,,,14
DE 717,Main,1.0,19.0,,,4.0,,,,,,,,,,24
DE 725,Main,37.0,1.0,,,4.0,,,,,,,,,,42
DE 801,Main,1.0,1.0,,,,,,,,,,,,,2
DE 802,Main,1.0,1.0,,,,2.0,,,,,,,,,4
DE 803,Main,1.0,2.0,,,9.0,5.0,1.0,,,,2.0,,,,20
DE 804,Main,,1.0,,,10.0,,,,,,,,,,11
DE 899,Main,,,,,,,,,,,,,,2.0,2
DEP302,Main,22.0,15.0,,,,,,,,,,,,,37
DEP405,Main,,,,,,1.0,,,,,2.0,,,,3
DEP408,Main,6.0,10.0,,,5.0,3.0,6.0,,1.0,,3.0,,,,34
DEP410,Main,5.0,11.0,,,5.0,2.0,5.0,2.0,1.0,,2.0,,,,33
DEP502,Main,6.0,3.0,,,,,,,,,,,,,9
DEP504,Main,,3.0,,,6.0,,,,,,,,,,9
DEP602,Main,9.0,7.0,,,1.0,,,,,,,,,,17
DEP702,Main,,,,,,,1.0,,,,,,,,1
DEP703,Main,13.0,17.0,,,17.0,13.0,2.0,1.0,,,3.0,,,,66
DEP705,Main,,5.0,,,,,,,,,,1.0,,,6
DEP706,Main,,,,,1.0,,,,1.0,,,1.0,,,3
ID 413,Main,21.0,28.0,4.0,6.0,26.0,17.0,11.0,8.0,2.0,,5.0,,,,128
IE 102,Main,9.0,8.0,,,5.0,8.0,6.0,3.0,,1.0,,,,,40
IE 506,Main,6.0,5.0,1.0,,20.0,26.0,5.0,,4.0,,10.0,,,,78
IE 506,M,,,,,5.0,8.0,2.0,4.0,3.0,,,,,,22
IE 612,Main,2.0,6.0,,,6.0,9.0,7.0,,,,1.0,,,,32
IE 612,M,,1.0,,,,1.0,,,,,,,,,2
IE 614,Main,5.0,11.0,,,3.0,5.0,3.0,1.0,1.0,,1.0,,,,31
IE 616,Main,1.0,3.0,,,10.0,4.0,2.0,7.0,6.0,5.0,,8.0,,,46
IE 616,M,2.0,2.0,,,3.0,3.0,5.0,7.0,4.0,4.0,,,,,30
IE 619,Main,12.0,5.0,1.0,,7.0,7.0,3.0,7.0,9.0,21.0,,1.0,,,73
IE 619,M,1.0,1.0,,,,,,1.0,1.0,3.0,,,,,7
IE 620,Main,1.0,2.0,,1.0,3.0,2.0,1.0,,,1.0,,,,,11
IE 620,M,,,,,,2.0,,,,,,,,,2
IE 622,Main,5.0,4.0,,,8.0,1.0,,1.0,,1.0,,,,,20
IE 622,M,,1.0,,,2.0,,,3.0,1.0,,,,,,7
IE 630,Main,17.0,21.0,,,17.0,13.0,3.0,2.0,2.0,,1.0,1.0,,,79
IE 630,M,2.0,1.0,,,3.0,6.0,11.0,1.0,,,,,,,24
IE 647,Main,3.0,9.0,,1.0,11.0,14.0,22.0,8.0,2.0,,3.0,,,,74
IE 647,M,,1.0,,,,2.0,,,,,1.0,,,,4
IE 684,Main,9.0,20.0,,,12.0,8.0,1.0,,,,,,,,51
IE 688,Main,5.0,1.0,,,,,,,,,,,,,6
IE 694,Main,13.0,10.0,,,5.0,2.0,,,,,,,,,31
IE 714,Main,5.0,25.0,,1.0,19.0,10.0,4.0,1.0,,,,,,,66
IE 899,Main,,,,,,,,,,,,,,41.0,42
IES601,Main,6.0,1.0,,,5.0,1.0,,,,,1.0,,,,14
IES802,Main,3.0,3.0,,,2.0,,,,,,,,,,8
LE 101,Main,7.0,6.0,,1.0,1.0,,2.0,,,,,,,,17
LE 302,Main,2.0,8.0,,,1.0,1.0,,,,,,,,,12
MA 106,D1,,,,,,,1.0,1.0,2.0,1.0,,,,,5
MA 106,D2,,,,,,,,,1.0,3.0,,,,,4
MA 106,D3,,,,,,,1.0,1.0,,2.0,,,,,4
MA 106,D4,,,,,,,,,,3.0,,,,,3
MA 108,D1,,,,,,,1.0,,1.0,,3.0,,,,5
MA 108,D2,,,,,,,,,2.0,,1.0,,,,3
MA 108,D3,,,,,,,,,,,1.0,,,,1
MA 108,D4,,,,,,1.0,,,,,3.0,1.0,,,5
MA 110,D1,32.0,49.0,,,63.0,60.0,60.0,23.0,21.0,43.0,,5.0,,,356
MA 110,D2,22.0,53.0,,1.0,72.0,63.0,42.0,25.0,22.0,22.0,,4.0,,,326
MA 110,D3,105.0,77.0,12.0,,65.0,33.0,21.0,14.0,13.0,12.0,,4.0,,,356
MA 110,D4,56.0,75.0,2.0,,76.0,57.0,25.0,13.0,6.0,16.0,,5.0,,,331
MA 214,Main,1.0,8.0,,,3.0,5.0,1.0,,,,,,,,18
MA 406,Main,1.0,5.0,,,3.0,11.0,19.0,8.0,7.0,,6.0,,,,60
MA 406,M,,1.0,,,1.0,1.0,,,1.0,,,,,,4
MA 408,Main,9.0,16.0,,1.0,13.0,13.0,9.0,2.0,3.0,,,3.0,,,69
MA 410,Main,9.0,13.0,1.0,2.0,14.0,5.0,7.0,8.0,3.0,,2.0,1.0,,,65
MA 412,Main,8.0,13.0,1.0,,14.0,13.0,8.0,8.0,3.0,,1.0,,,,69
MA 412,M,,,,,1.0,,,,,,,,,,1
MA 414,Main,9.0,13.0,1.0,,8.0,11.0,6.0,6.0,6.0,,5.0,1.0,,,66
MA5106,Main,2.0,1.0,,,7.0,10.0,7.0,5.0,,,1.0,,,,33
MA5106,M,2.0,3.0,,,7.0,3.0,2.0,,1.0,,1.0,,,,19
MA5108,Main,3.0,3.0,,,2.0,12.0,3.0,2.0,3.0,,1.0,,,,29
MA5110,Main,4.0,8.0,,,6.0,2.0,5.0,9.0,18.0,,3.0,,,,55
MA5114,Main,5.0,,,,,,,,,,,2.0,,,7
MA5118,Main,3.0,4.0,,1.0,3.0,,,,,,,,,,11
MA 534,Main,1.0,1.0,,,3.0,,,,,,1.0,,,,6
MA 589,Main,1.0,,,,,,,,,,,,,,1
MA 598,Main,13.0,2.0,,,1.0,1.0,,,1.0,,,,,,18
MA 599,Main,,,,,1.0,,,,,,,,,,1
MA 812,Main,3.0,2.0,,,,3.0,3.0,,,,,,,,11
MA 816,Main,,2.0,,1.0,,1.0,1.0,,,,,,,,5
MA 818,Main,2.0,,,,,,1.0,,,,,,,,3
MA 820,Main,5.0,,,1.0,1.0,1.0,,1.0,,,,,,,9
MA 823,Main,2.0,2.0,,,3.0,6.0,1.0,1.0,1.0,,2.0,,,,18
MA 824,Main,6.0,7.0,,1.0,8.0,5.0,1.0,,,,,,,,28
MA 842,Main,3.0,,,,,,,,,,,,,,3
MA 844,Main,2.0,1.0,,1.0,,,,,,,,,,,4
MA 848,Main,2.0,,,3.0,,,,,,,,,,,5
MA 854,Main,3.0,,,,,,,,,,,,,,3
MA 860,Main,3.0,,,,,,,,,,,,,,3
MA 862,Main,,1.0,,,2.0,1.0,,,,,,,,,4
MA 867,Main,1.0,1.0,,,2.0,,,,,,,,,,4
MAS802,Main,9.0,1.0,,,2.0,,,,,,,,,,12
SI 404,Main,4.0,7.0,,,19.0,17.0,9.0,5.0,10.0,,2.0,4.0,,,77
SI 404,M,3.0,1.0,,,4.0,2.0,,2.0,2.0,,,,,,14
SI 416,Main,23.0,40.0,1.0,,41.0,30.0,27.0,7.0,10.0,,5.0,,,,184
SI 416,M,,2.0,,,5.0,1.0,2.0,1.0,,,,,,,11
SI 422,Main,5.0,8.0,,,11.0,15.0,4.0,2.0,,,,,,,45
SI 424,Main,55.0,10.0,,,4.0,,,,1.0,,1.0,,,,71
SI 426,Main,9.0,10.0,,,12.0,15.0,7.0,3.0,5.0,,,,,,61
SI 509,Main,3.0,7.0,,,8.0,7.0,8.0,5.0,4.0,,,,,,42
SI 526,Main,18.0,9.0,,,6.0,1.0,4.0,,2.0,,,,,,40
SI 527,Main,29.0,9.0,1.0,,1.0,7.0,12.0,4.0,2.0,,,,,,65
SI 527,M,16.0,,1.0,,2.0,1.0,1.0,,,,,,,,21
SI 534,Main,2.0,7.0,,,14.0,11.0,4.0,2.0,,,,,,,40
SI 543,Main,1.0,4.0,,,6.0,16.0,6.0,7.0,,,,,,,40
SI 598,Main,12.0,10.0,,,4.0,1.0,1.0,,,,,,,,28
ME 104,S1,29.0,30.0,,,29.0,16.0,8.0,2.0,2.0,,1.0,2.0,,,119
ME 104,S2,28.0,30.0,,,25.0,15.0,9.0,2.0,2.0,,,,,,111
ME 213,S1,19.0,34.0,,,3.0,2.0,,1.0,1.0,,2.0,,,,62
ME 213,S2,12.0,38.0,,,11.0,4.0,1.0,,,,,,,,66
ME 213,S3,9.0,38.0,,,13.0,4.0,2.0,,,,,1.0,,,67
ME 219,S1,8.0,14.0,1.0,,12.0,12.0,18.0,3.0,1.0,1.0,4.0,1.0,,,75
ME 219,S2,7.0,9.0,,,8.0,7.0,8.0,7.0,7.0,,13.0,,,,66
ME 219,S3,8.0,14.0,,,21.0,11.0,2.0,2.0,6.0,,5.0,1.0,,,70
ME 224,Main,1.0,,,,,,,,,,,,,,1
ME 228,S1,13.0,18.0,,2.0,27.0,21.0,14.0,5.0,6.0,,4.0,,,,110
ME 228,S2,6.0,25.0,2.0,,26.0,23.0,8.0,4.0,2.0,,4.0,2.0,,,102
ME 230,S1,10.0,11.0,1.0,,11.0,9.0,8.0,6.0,6.0,,4.0,,,,66
ME 230,S2,8.0,13.0,,,13.0,8.0,5.0,6.0,3.0,,10.0,2.0,,,68
ME 230,S3,13.0,13.0,,,9.0,10.0,3.0,7.0,3.0,3.0,,2.0,,,63
ME 310,S1,21.0,12.0,1.0,,8.0,3.0,5.0,3.0,1.0,,4.0,,,,58
ME 310,S2,24.0,10.0,,,10.0,10.0,,,,,,,,,54
ME 310,S3,24.0,10.0,,,9.0,6.0,,1.0,,,2.0,,,,52
ME 310,S4,22.0,12.0,,,6.0,4.0,5.0,4.0,1.0,,,,,,54
ME 312,Main,3.0,27.0,,,40.0,51.0,52.0,29.0,13.0,,7.0,,,,222
ME 315,Main,4.0,7.0,,,,,1.0,,1.0,,1.0,,,,14
ME 318,S1,11.0,16.0,4.0,,15.0,16.0,22.0,11.0,7.0,,3.0,,,,105
ME 318,S2,7.0,26.0,1.0,,16.0,23.0,18.0,10.0,3.0,,4.0,,,,108
ME 360,Main,4.0,3.0,,,7.0,7.0,1.0,1.0,,,,,,,23
ME 370,Main,,,,,,2.0,1.0,,,,,,,,3
ME 372,S1,43.0,52.0,,,7.0,1.0,,2.0,1.0,,1.0,,,,107
ME 372,S2,38.0,52.0,,,12.0,2.0,1.0,,2.0,,4.0,,,,111
ME 412,Main,3.0,1.0,,,2.0,,,,,,,,,,6
ME 415,Main,6.0,11.0,,,6.0,3.0,3.0,1.0,1.0,,3.0,,,,34
ME 441,S1,4.0,36.0,,,46.0,17.0,6.0,2.0,1.0,,2.0,,,,114
ME 441,S2,,21.0,,,34.0,37.0,12.0,3.0,,,3.0,,,,110
ME 444,S1,8.0,13.0,,,26.0,27.0,14.0,7.0,,4.0,1.0,,,,100
ME 444,S2,18.0,22.0,1.0,,20.0,13.0,15.0,6.0,2.0,,1.0,1.0,,,99
ME 472,Main,6.0,5.0,,1.0,1.0,2.0,5.0,,1.0,,,,,,21
ME 496,Main,21.0,7.0,,,2.0,,,,,,1.0,,,,31
ME 604,Main,13.0,12.0,,1.0,35.0,15.0,15.0,6.0,12.0,,6.0,,,,116
ME 604,M,,1.0,,,9.0,3.0,10.0,3.0,2.0,,,,,,28
ME6103,Main,3.0,4.0,,,1.0,2.0,,,,,,,,,10
ME6109,Main,8.0,5.0,,,5.0,4.0,2.0,1.0,1.0,,1.0,,,,27
ME6114,Main,19.0,32.0,,1.0,40.0,39.0,30.0,28.0,24.0,,21.0,,,,235
ME6116,Main,3.0,2.0,,,2.0,4.0,1.0,,,,,,,,12
ME6118,Main,1.0,2.0,,,2.0,5.0,2.0,1.0,,,,,,,13
ME 613,Main,2.0,5.0,,3.0,6.0,4.0,3.0,3.0,,,6.0,,,,32
ME 616,Main,1.0,1.0,,,6.0,2.0,1.0,,1.0,,2.0,1.0,,,16
ME 621,Main,3.0,,,,4.0,5.0,1.0,2.0,4.0,,7.0,,,,26
ME 637,Main,2.0,7.0,,,9.0,7.0,3.0,,,,1.0,,,,29
ME 643,Main,1.0,8.0,,,4.0,1.0,1.0,,,,,,,,15
ME 653,Main,2.0,2.0,,,2.0,,1.0,,,,1.0,,,,9
ME 657,Main,18.0,16.0,,,12.0,3.0,1.0,1.0,1.0,,4.0,,,,58
ME 673,Main,13.0,15.0,,,30.0,21.0,27.0,5.0,2.0,,,2.0,,,115
ME 677,Main,5.0,3.0,,,10.0,2.0,2.0,1.0,,,1.0,,,,24
ME 678,Main,1.0,2.0,,1.0,2.0,2.0,,,,,1.0,,,,9
ME 680,Main,3.0,5.0,,2.0,8.0,5.0,3.0,3.0,1.0,,2.0,,,,33
ME 683,Main,7.0,4.0,,,5.0,1.0,,3.0,,,,,,,21
ME 684,Main,2.0,12.0,,2.0,8.0,4.0,6.0,2.0,,,5.0,,,,42
ME 691,Main,6.0,,,,,,,,,,,,,,6
ME 694,Main,29.0,22.0,,,13.0,3.0,1.0,1.0,,,7.0,2.0,,,79
ME7001,Main,18.0,5.0,,,4.0,,3.0,3.0,,,6.0,,,,39
ME 701,Main,5.0,4.0,,,7.0,1.0,1.0,1.0,,,,,,,19
ME 721,Main,7.0,12.0,,,2.0,2.0,2.0,,,,,,,,25
ME 730,Main,1.0,1.0,,,3.0,,,,1.0,,,,,,6
ME 734,Main,1.0,6.0,,,6.0,3.0,1.0,,,,4.0,,,,21
ME 747,Main,2.0,1.0,,1.0,3.0,1.0,,,,,,,,,8
ME 750,Main,7.0,7.0,,,4.0,5.0,2.0,,,,1.0,1.0,,,27
ME 754,Main,23.0,26.0,,,21.0,11.0,9.0,9.0,3.0,,11.0,,,,113
ME 768,Main,7.0,16.0,,,22.0,12.0,7.0,2.0,,,3.0,,,,69
ME 769,Main,8.0,4.0,,,10.0,3.0,12.0,9.0,9.0,,5.0,,,,62
ME 772,Main,7.0,8.0,1.0,,7.0,8.0,10.0,5.0,3.0,,3.0,,,,52
ME 783,Main,1.0,1.0,,,,,,,,,,,,,2
ME 790,Main,4.0,4.0,,2.0,4.0,4.0,1.0,,,,,,,,19
ME 794,Main,3.0,10.0,,1.0,14.0,8.0,7.0,2.0,,,,,,,45
ME 794,M,,,,,6.0,4.0,2.0,,,,,,,,12
ME 800,Main,6.0,7.0,,,9.0,2.0,,,1.0,,,,,,25
ME 802,Main,5.0,8.0,,1.0,15.0,7.0,2.0,1.0,1.0,,1.0,1.0,,,42
ME 899,Main,,,,,,,,,,,,,1.0,21.0,22
MES801,Main,11.0,8.0,,,1.0,,1.0,,,,1.0,,,,22
MS 101,P13,29.0,47.0,,,10.0,2.0,,1.0,,,,,,,89
MS 101,P14,35.0,45.0,,,14.0,9.0,4.0,3.0,,,,,,,110
MS 101,P15,8.0,49.0,,,25.0,13.0,,3.0,1.0,,,1.0,,,100
MS 101,P16,1.0,46.0,,,34.0,11.0,2.0,,2.0,,,,,,96
MS 101,P19,32.0,37.0,,,13.0,10.0,1.0,1.0,,,,,,,94
MS 101,P20,22.0,39.0,,,15.0,5.0,3.0,1.0,1.0,,,,,,86
MS 101,P21,5.0,32.0,,,35.0,10.0,2.0,1.0,,,,,,,85
MS 101,P22,3.0,37.0,,,29.0,13.0,2.0,,1.0,,,1.0,,,86
IWE702,Main,5.0,,,,39.0,,1.0,,,,,,,,45
IWE703,Main,14.0,,,,29.0,,,,,,,2.0,,,45
IWE704,Main,3.0,7.0,,,27.0,4.0,2.0,,,,,,,,43
IWE705,Main,9.0,,,,34.0,,,,,,,,,,43
IWE706,Main,10.0,,,,36.0,,,,,,,,,,46
IWE710,Main,10.0,,,,29.0,,6.0,,,,,,,,45
IWE711,Main,13.0,,,,32.0,,,,,,,,,,45
IWE712,Main,10.0,,,,35.0,,,,,,,,,,45
IWE714,Main,9.0,,,,36.0,,,,,,,,,,45
IWE715,Main,13.0,,,,32.0,,,,,,,,,,45
IWE719,Main,9.0,,,,35.0,,,,,,,,,,44
IWE721,Main,9.0,,,,35.0,,,,,,,,,,44
IWE722,Main,19.0,,,,25.0,,,,,,,,,,44
IWE726,Main,11.0,,,,25.0,,9.0,,,,,1.0,,,46
MG 406,M,3.0,2.0,,,5.0,6.0,1.0,16.0,2.0,3.0,,,,,38
MGS801,Main,3.0,7.0,,,2.0,1.0,,,,,,,,,14
MGS802,Main,4.0,2.0,,,,1.0,1.0,,,,,,,,8
SOM101,S1,8.0,12.0,,,42.0,29.0,12.0,,,,,,,,103
SOM101,S2,24.0,33.0,,,42.0,32.0,7.0,6.0,9.0,1.0,,,,,154
SOM612,Main,16.0,72.0,,,39.0,3.0,,,1.0,,,,,,131
SOM613,Main,9.0,33.0,,,41.0,35.0,9.0,,,,,,,,128
SOM614,Main,11.0,23.0,,,65.0,29.0,5.0,1.0,,,,,,,134
SOM615,Main,6.0,9.0,,,25.0,27.0,37.0,18.0,8.0,,,,,,130
SOM616,Main,9.0,31.0,,,64.0,25.0,,,,,,,,,129
SOM617,Main,13.0,48.0,,,31.0,30.0,11.0,,,,,,,,133
SOM618,Main,1.0,9.0,,,19.0,41.0,44.0,15.0,6.0,,,,,,135
SOM619,Main,8.0,28.0,1.0,,36.0,30.0,22.0,6.0,3.0,,,,,,134
SOM621,Main,10.0,31.0,,,45.0,38.0,6.0,2.0,1.0,,1.0,,,,134
SOM623,Main,20.0,12.0,,,1.0,1.0,1.0,,,,,,,,35
SOM633,Main,3.0,8.0,,1.0,13.0,7.0,3.0,2.0,1.0,,,,,,38
SOM636,Main,7.0,12.0,,,19.0,18.0,5.0,,,,,,,,61
SOM643,Main,6.0,5.0,,,27.0,12.0,6.0,,2.0,,,,,,58
SOM649,Main,2.0,5.0,,,7.0,1.0,1.0,,,,,,,,16
SOM652,Main,6.0,17.0,,1.0,16.0,12.0,6.0,1.0,3.0,,2.0,,,,64
SOM660,Main,3.0,7.0,,,8.0,3.0,1.0,,,,,,,,23
SOM664,Main,3.0,14.0,,,29.0,11.0,2.0,,,,,,,,59
SOM680,Main,2.0,29.0,,,24.0,3.0,1.0,,,,,,,,59
SOM691,Main,7.0,19.0,,,20.0,13.0,6.0,,,,,,,,65
SOM693,Main,14.0,20.0,,,28.0,7.0,,,,,,,,,69
SOM700,Main,14.0,29.0,,,10.0,15.0,,,,,,,,,68
SOM707,Main,1.0,4.0,,,6.0,2.0,3.0,,,,,,,,17
SOM712,Main,11.0,19.0,,,20.0,11.0,,,,,,,,,61
SOM717,Main,5.0,13.0,,,18.0,6.0,8.0,1.0,,,,,,,51
SOM722,Main,11.0,21.0,,,24.0,9.0,5.0,,,,,,,,70
SOM725,Main,8.0,23.0,,,21.0,7.0,,,,,,,,,59
SOM728,Main,13.0,17.0,,,22.0,10.0,2.0,,,,,,,,64
SOM744,Main,2.0,4.0,,,7.0,10.0,6.0,2.0,1.0,,,,,,32
SOM793,Main,,,,,,1.0,,,,,,,,,1
SOM794,Main,,1.0,,,,,,,,,,,,,1
SOM802,Main,1.0,,,,,,,,,,,,,,2
SOM809,Main,2.0,,,,,,,,,,,,,,2
SOM813,Main,2.0,2.0,,,1.0,,,,,,,,,,5
MMM694,Main,4.0,3.0,,,1.0,1.0,1.0,,,,,1.0,,,11
MM 105,Main,11.0,13.0,2.0,,35.0,28.0,17.0,11.0,3.0,7.0,,2.0,,,129
MM 210,S1,7.0,17.0,,,12.0,8.0,7.0,9.0,9.0,,2.0,,,,71
MM 210,S2,19.0,12.0,,,13.0,9.0,9.0,2.0,3.0,,1.0,,,,68
MM 218,Main,24.0,17.0,,,23.0,9.0,16.0,21.0,15.0,3.0,8.0,,,,136
MM 218,S2,,,,,,,,,,,,,,,136
MM 222,Main,14.0,34.0,,,20.0,30.0,19.0,8.0,,,4.0,6.0,,,135
MM 224,Main,23.0,59.0,,,19.0,13.0,5.0,3.0,3.0,,2.0,1.0,,,128
MM 226,Main,16.0,12.0,,,1.0,,,,,,1.0,,,,30
MM 320,Main,,,,,1.0,2.0,,1.0,2.0,,,,,,6
MM 322,Main,,,,,2.0,1.0,,,,,,,,,3
MM 324,Main,13.0,13.0,2.0,,14.0,29.0,17.0,9.0,7.0,,20.0,,,,124
MM 337,Main,26.0,17.0,,,40.0,22.0,2.0,9.0,5.0,,,3.0,,,124
MM 357,Main,,1.0,,,1.0,3.0,,2.0,3.0,,2.0,,,,12
MM 396,Main,,,,,,1.0,2.0,,,,,3.0,,,6
MM 406,Main,5.0,2.0,,,2.0,,,,,,,,,,9
MM 408,Main,4.0,2.0,,,1.0,2.0,3.0,2.0,2.0,,,,,,16
MM 426,Main,16.0,42.0,,,43.0,30.0,8.0,2.0,2.0,,,2.0,,,145
MM 448,Main,18.0,62.0,,,45.0,9.0,,,,,,2.0,,,136
MM 454,Main,17.0,18.0,2.0,1.0,23.0,26.0,31.0,20.0,7.0,,3.0,1.0,,,149
MM 456,Main,1.0,1.0,,1.0,4.0,3.0,2.0,4.0,1.0,,1.0,,,,18
MM 462,Main,3.0,21.0,,,41.0,35.0,17.0,10.0,7.0,,3.0,1.0,,,138
MM 492,Main,5.0,2.0,,,4.0,1.0,1.0,1.0,,,1.0,2.0,,,17
MM 494,Main,3.0,1.0,,,1.0,,,,,,,,,,5
MM6002,Main,5.0,3.0,,1.0,1.0,3.0,2.0,1.0,,,,,,,16
MM6102,Main,5.0,5.0,,5.0,6.0,3.0,2.0,,,,,1.0,,,27
MM 612,Main,20.0,4.0,,,,,,,,,,,,,24
MM 618,Main,17.0,11.0,1.0,,12.0,9.0,1.0,1.0,,,2.0,,,,54
MM 622,Main,6.0,11.0,,5.0,8.0,,2.0,1.0,,,,,,,33
MM 624,Main,5.0,8.0,,4.0,10.0,3.0,,,,,1.0,,,,31
MM 626,Main,29.0,14.0,,,12.0,4.0,9.0,8.0,2.0,,8.0,4.0,,,90
MM 638,Main,5.0,2.0,,,3.0,,,,,,,,,,10
MM 642,Main,24.0,9.0,,,5.0,2.0,10.0,3.0,,,,,,,53
MM 650,Main,4.0,5.0,,,5.0,4.0,1.0,,,,4.0,,,,23
MM 652,Main,2.0,2.0,,,2.0,3.0,1.0,,,,,,,,10
MM 656,Main,29.0,30.0,2.0,,23.0,12.0,2.0,2.0,2.0,,1.0,1.0,,,104
MM 668,Main,1.0,2.0,,,,,,,,,,,,,3
MM 674,Main,18.0,21.0,,2.0,15.0,4.0,9.0,2.0,1.0,,,1.0,,,73
MM 677,Main,15.0,18.0,,,9.0,8.0,10.0,1.0,2.0,,4.0,,,,67
MM 684,Main,4.0,9.0,,,5.0,1.0,2.0,1.0,,,,2.0,,,24
MM 691,Main,2.0,1.0,,,,,,,,,,,,,3
MM 694,Main,17.0,18.0,,,10.0,3.0,1.0,,1.0,2.0,,,,,52
MM 700,Main,7.0,10.0,,2.0,8.0,9.0,4.0,1.0,,,4.0,,,,45
MM 712,Main,3.0,5.0,,,2.0,3.0,,,,,,,,,13
MM 718,Main,3.0,2.0,,,,,,,,,2.0,,,,7
MM 720,Main,1.0,1.0,,,5.0,,2.0,,,,,,,,9
MM 723,Main,2.0,2.0,,,,2.0,,,,,,,,,6
MM 739,Main,9.0,11.0,1.0,3.0,11.0,23.0,11.0,17.0,8.0,,9.0,,,,103
MM 739,M,1.0,,,,,,,,,,,,,,1
MM 749,Main,2.0,,,1.0,2.0,,2.0,,2.0,,2.0,,,,11
MM 753,Main,2.0,,,,,,,,,,,,,,2
MM 756,Main,14.0,2.0,,1.0,6.0,7.0,1.0,,,1.0,,,,,32
MM 801,Main,5.0,6.0,,,3.0,,,,,,,,,,14
MM 899,Main,,,,,,,,,,,,,1.0,27.0,28
MMS802,Main,8.0,,,,1.0,,1.0,,,,,1.0,,,11
PH 110,D1,2.0,7.0,1.0,,19.0,17.0,23.0,21.0,2.0,5.0,,1.0,,,98
PH 110,D2,3.0,6.0,1.0,,13.0,9.0,7.0,13.0,3.0,3.0,,,,,58
PH 110,D3,2.0,8.0,,,33.0,45.0,29.0,23.0,6.0,3.0,,2.0,,,151
PH 110,D4,27.0,51.0,10.0,,86.0,61.0,56.0,30.0,2.0,2.0,,4.0,,,329
PH 111,Main,25.0,53.0,1.0,,69.0,45.0,36.0,21.0,19.0,,4.0,1.0,,,274
PH 112,Main,,,,,,,,,2.0,,,,,,2
PH 117,P1,7.0,11.0,,,29.0,12.0,7.0,7.0,4.0,2.0,,1.0,,,80
PH 117,P10,21.0,18.0,,,10.0,9.0,13.0,7.0,3.0,,,1.0,,,82
PH 117,P2,15.0,24.0,,,18.0,7.0,11.0,4.0,7.0,,,1.0,,,87
PH 117,P3,14.0,25.0,,,15.0,13.0,11.0,3.0,5.0,1.0,,1.0,,,88
PH 117,P4,20.0,20.0,,,19.0,8.0,8.0,4.0,8.0,,,,,,87
PH 117,P7,10.0,22.0,,,24.0,12.0,4.0,3.0,4.0,,,,,,79
PH 117,P8,6.0,18.0,,,14.0,19.0,10.0,6.0,7.0,,,2.0,,,82
PH 117,P9,10.0,19.0,,,22.0,13.0,7.0,6.0,4.0,,,,,,81
PH 207,Main,,1.0,,,,,,,,,,,,,1
PH 216,Main,4.0,5.0,,,9.0,10.0,11.0,9.0,8.0,,,4.0,,,60
PH 222,Main,21.0,10.0,,,12.0,15.0,,,,,2.0,,,,60
PH 225,Main,10.0,8.0,,,11.0,9.0,11.0,4.0,2.0,,10.0,,,,65
PH 225,M,1.0,,,,,,,,,,,,,,1
PH 232,Main,46.0,8.0,,,2.0,,,,,,2.0,1.0,,,59
PH 252,M,2.0,2.0,,,,4.0,,2.0,1.0,,,,,,11
PH 303,Main,9.0,3.0,,,,,,,,,,1.0,,,13
PH 312,Main,9.0,7.0,,,9.0,10.0,4.0,3.0,3.0,,8.0,6.0,,,59
PH 314,Main,4.0,10.0,,,9.0,18.0,16.0,5.0,,,,,,,62
PH 408,Main,9.0,13.0,,,6.0,12.0,6.0,9.0,6.0,,3.0,1.0,,,65
PH 410,Main,9.0,9.0,1.0,,9.0,15.0,10.0,3.0,2.0,,,,,,58
PH 418,Main,6.0,13.0,1.0,,15.0,15.0,12.0,5.0,3.0,,1.0,,,,71
PH 422,Main,1.0,6.0,,,11.0,3.0,22.0,13.0,6.0,,4.0,,,,66
PH 441,Main,47.0,9.0,,,1.0,,,,,,,,,,57
PH 447,Main,24.0,25.0,,,9.0,4.0,,,,,1.0,,,,63
PH 500,Main,4.0,5.0,,,4.0,,,,,,,,,,13
PH 510,Main,6.0,10.0,,,17.0,7.0,11.0,3.0,4.0,,3.0,,,,61
PH 510,M,,,,,,,,,1.0,,,,,,1
PH 515,Main,,,,,1.0,,1.0,,3.0,,,,,,5
PH 527,Main,22.0,28.0,,,7.0,1.0,,,,,,,,,58
PH 530,Main,8.0,17.0,,,15.0,18.0,2.0,10.0,1.0,,1.0,1.0,,,73
PH 540,Main,3.0,1.0,,,1.0,2.0,4.0,2.0,3.0,,,,,,16
PH 544,Main,2.0,4.0,,,6.0,6.0,11.0,8.0,4.0,,1.0,,,,42
PH 550,Main,4.0,4.0,,,2.0,1.0,,,,,,1.0,,,12
PH 554,Main,4.0,3.0,,,8.0,4.0,,,,,,,,,19
PH 562,Main,1.0,3.0,,,3.0,3.0,1.0,,,,,,,,11
PH 566,Main,3.0,1.0,,1.0,3.0,2.0,1.0,,1.0,,1.0,,,,13
PH 572,Main,1.0,2.0,,1.0,3.0,,1.0,1.0,,,,,,,9
PH 574,Main,4.0,3.0,,,4.0,11.0,13.0,32.0,5.0,,1.0,4.0,,,77
PH 576,Main,1.0,3.0,,,9.0,2.0,3.0,,,,1.0,,,,19
PH 578,Main,5.0,4.0,,,2.0,3.0,6.0,5.0,7.0,,1.0,,,,33
PH 580,Main,21.0,24.0,,1.0,11.0,12.0,13.0,1.0,1.0,1.0,,4.0,,,89
PH 587,Main,7.0,10.0,,,2.0,,,,,,,2.0,,,21
PH 588,Main,14.0,2.0,,,1.0,,,,,,,1.0,,,18
PH 596,Main,20.0,14.0,,,4.0,1.0,,,,,,,,,39
PH 601,Main,1.0,5.0,,2.0,3.0,,2.0,,,,,,,,13
PH 819,Main,1.0,4.0,,,5.0,11.0,1.0,1.0,,,1.0,,,,24
PH 899,Main,,,,,,,,,,,,,,40.0,40
PHS802,Main,2.0,4.0,,,1.0,,,,,,1.0,1.0,,,9
PS 602,Main,,6.0,,,2.0,,,,,,,,,,8
PS 607,Main,3.0,7.0,,,3.0,,,,,,,,,,13
PS 610,Main,,11.0,,,10.0,,,,,,,,,,21
PS 619,Main,4.0,6.0,,1.0,,4.0,3.0,3.0,2.0,,2.0,,,,25
PS 619,M,,,,,1.0,1.0,,1.0,,,,,,,3
PS 630,Main,1.0,11.0,,,4.0,1.0,3.0,,,,,,,,20
PS 633,Main,4.0,5.0,,,10.0,1.0,,,,,,,,,20
PS 636,Main,5.0,4.0,,,5.0,3.0,1.0,,,,,,,,18
PS 637,Main,12.0,14.0,,,12.0,1.0,,,,,,,,,39
PS 642,Main,5.0,9.0,,,8.0,,,,,,1.0,,,,23
PS 644,Main,18.0,10.0,,2.0,9.0,,,,,,,,,,39
PS 649,Main,6.0,5.0,,,,,,,,,,,,,11
PS 651,Main,1.0,3.0,,,2.0,,,,,,,1.0,,,7
PS 657,Main,4.0,4.0,1.0,1.0,15.0,8.0,9.0,4.0,2.0,2.0,,,,,50
PS 658,Main,5.0,13.0,,,2.0,,,,,,,,,,20
PS 694,Main,1.0,6.0,,,5.0,,1.0,,,,,,,,13
PS 701,Main,2.0,3.0,,1.0,7.0,6.0,1.0,1.0,,,,,,,21
PS 801,Main,3.0,5.0,,,6.0,3.0,,,,3.0,,,,,20
PS 899,Main,,,,,,,,,,,,,,20.0,20
PSS802,Main,1.0,4.0,,,2.0,,,,,,,,,,7
SC 202,M,3.0,3.0,,,5.0,8.0,3.0,,1.0,,,,,,23
SC 602,Main,2.0,5.0,,1.0,19.0,12.0,3.0,1.0,1.0,,1.0,,,,45
SC 602,M,,2.0,,,2.0,4.0,3.0,,1.0,,,,,,12
SC 607,Main,,4.0,,,4.0,15.0,8.0,7.0,1.0,,,,,,39
SC 607,M,1.0,,,,2.0,2.0,1.0,2.0,2.0,,,,,,10
SC 624,Main,,2.0,,,2.0,2.0,1.0,,,,4.0,,,,11
SC 624,M,1.0,,,,1.0,1.0,1.0,2.0,,,,,,,6
SC 626,Main,3.0,11.0,,,11.0,1.0,,,,,,,,,26
SC 646,Main,,7.0,,,5.0,16.0,7.0,,,,,,,,35
SC 646,M,5.0,6.0,1.0,,4.0,7.0,4.0,,,,,,,,27
SC 651,Main,11.0,10.0,,,15.0,5.0,,,,,,,,,41
SC 651,M,3.0,1.0,,,,3.0,,,,,,,,,7
SC 664,Main,1.0,1.0,,,2.0,1.0,,,1.0,,,,,,6
SC 664,M,,,,,,1.0,,,1.0,,,,,,2
SC 691,Main,4.0,,,,,,,,,,,,,,4
SCS801,Main,2.0,,,,,1.0,,,,,1.0,1.0,,,5
SCS802,Main,1.0,,,,,,,,,,,,,,1
TD 390,Main,6.0,3.0,,,8.0,,,,,,,,,,17
TD 490,Main,4.0,2.0,,,,,,,,,1.0,,,,7
TD 604,Main,6.0,7.0,,,11.0,9.0,2.0,2.0,,,,,,,37
TD 619,Main,7.0,15.0,,1.0,14.0,2.0,,1.0,1.0,,1.0,,,,42
TD 620,Main,2.0,9.0,,,10.0,4.0,4.0,,,,,,,,29
TD 626,Main,9.0,23.0,,,2.0,,,,,,,,,,34
TD 626,M,,3.0,,,1.0,,,,,,,,,,4
TD 627,Main,5.0,17.0,,,6.0,1.0,,,,,,,,,29
TD 630,Main,9.0,12.0,,,12.0,7.0,5.0,1.0,,,,,,,46
TD 632,Main,6.0,9.0,,,17.0,10.0,6.0,2.0,,,,1.0,,,51
TD 634,Main,5.0,11.0,,,3.0,1.0,,,,,,,,,20
TD 639,Main,22.0,48.0,,,59.0,77.0,42.0,16.0,9.0,2.0,6.0,,,,281
TD 640,Main,5.0,29.0,,1.0,87.0,55.0,31.0,21.0,32.0,,6.0,,,,267
TD 643,Main,9.0,10.0,,,13.0,8.0,18.0,10.0,3.0,,7.0,,,,78
TD 653,Main,13.0,40.0,,,30.0,29.0,63.0,28.0,24.0,,4.0,,,,231
TD 656,Main,10.0,16.0,,,19.0,13.0,10.0,6.0,1.0,,,2.0,,,77
TD 694,Main,16.0,9.0,,,10.0,3.0,,,,,1.0,,,,39
TDE602,Main,2.0,1.0,,,1.0,,,,,,,,,,4
TDE604,Main,1.0,2.0,,,1.0,,,,,,,,,,4
TDE608,Main,3.0,1.0,,,,,,,,,,,,,4
TDE609,Main,,2.0,,,2.0,,,,,,,,,,4
TDE611,Main,1.0,,,,,,,1.0,,,,,,,2
TDE612,Main,1.0,2.0,,,1.0,,,,,,,,,,4
